Metric,Value
design__lint_error__count,0
design__lint_timing_construct__count,0
design__lint_warning__count,458
design__inferred_latch__count,0
design__instance__count,646
design__instance__area,3779.88
design__instance_unmapped__count,0
synthesis__check_error__count,0
design__max_slew_violation__count__corner:nom_tt_025C_1v80,0
design__max_fanout_violation__count__corner:nom_tt_025C_1v80,0
design__max_cap_violation__count__corner:nom_tt_025C_1v80,0
power__internal__total,0.00004939114296576008
power__switching__total,0.00006757195660611615
power__leakage__total,4.387274543660169E-9
power__total,0.00011696748697431758
clock__skew__worst_hold__corner:nom_tt_025C_1v80,0.0
clock__skew__worst_setup__corner:nom_tt_025C_1v80,0.0
timing__hold__ws__corner:nom_tt_025C_1v80,4.519374336017224
timing__setup__ws__corner:nom_tt_025C_1v80,10.929088166032527
timing__hold__tns__corner:nom_tt_025C_1v80,0.0
timing__setup__tns__corner:nom_tt_025C_1v80,0.0
timing__hold__wns__corner:nom_tt_025C_1v80,0
timing__setup__wns__corner:nom_tt_025C_1v80,0.0
timing__hold_vio__count__corner:nom_tt_025C_1v80,0
timing__hold_r2r__ws__corner:nom_tt_025C_1v80,Infinity
timing__hold_r2r_vio__count__corner:nom_tt_025C_1v80,0
timing__setup_vio__count__corner:nom_tt_025C_1v80,0
timing__setup_r2r__ws__corner:nom_tt_025C_1v80,Infinity
timing__setup_r2r_vio__count__corner:nom_tt_025C_1v80,0
design__max_slew_violation__count__corner:nom_ss_100C_1v60,0
design__max_fanout_violation__count__corner:nom_ss_100C_1v60,0
design__max_cap_violation__count__corner:nom_ss_100C_1v60,0
clock__skew__worst_hold__corner:nom_ss_100C_1v60,0.0
clock__skew__worst_setup__corner:nom_ss_100C_1v60,0.0
timing__hold__ws__corner:nom_ss_100C_1v60,4.960350492977895
timing__setup__ws__corner:nom_ss_100C_1v60,0.2606341882754006
timing__hold__tns__corner:nom_ss_100C_1v60,0.0
timing__setup__tns__corner:nom_ss_100C_1v60,0.0
timing__hold__wns__corner:nom_ss_100C_1v60,0
timing__setup__wns__corner:nom_ss_100C_1v60,0.0
timing__hold_vio__count__corner:nom_ss_100C_1v60,0
timing__hold_r2r__ws__corner:nom_ss_100C_1v60,Infinity
timing__hold_r2r_vio__count__corner:nom_ss_100C_1v60,0
timing__setup_vio__count__corner:nom_ss_100C_1v60,0
timing__setup_r2r__ws__corner:nom_ss_100C_1v60,Infinity
timing__setup_r2r_vio__count__corner:nom_ss_100C_1v60,0
design__max_slew_violation__count__corner:nom_ff_n40C_1v95,0
design__max_fanout_violation__count__corner:nom_ff_n40C_1v95,0
design__max_cap_violation__count__corner:nom_ff_n40C_1v95,0
clock__skew__worst_hold__corner:nom_ff_n40C_1v95,0.0
clock__skew__worst_setup__corner:nom_ff_n40C_1v95,0.0
timing__hold__ws__corner:nom_ff_n40C_1v95,4.342196947130845
timing__setup__ws__corner:nom_ff_n40C_1v95,14.821372104690926
timing__hold__tns__corner:nom_ff_n40C_1v95,0.0
timing__setup__tns__corner:nom_ff_n40C_1v95,0.0
timing__hold__wns__corner:nom_ff_n40C_1v95,0
timing__setup__wns__corner:nom_ff_n40C_1v95,0.0
timing__hold_vio__count__corner:nom_ff_n40C_1v95,0
timing__hold_r2r__ws__corner:nom_ff_n40C_1v95,Infinity
timing__hold_r2r_vio__count__corner:nom_ff_n40C_1v95,0
timing__setup_vio__count__corner:nom_ff_n40C_1v95,0
timing__setup_r2r__ws__corner:nom_ff_n40C_1v95,Infinity
timing__setup_r2r_vio__count__corner:nom_ff_n40C_1v95,0
design__max_slew_violation__count,0
design__max_fanout_violation__count,0
design__max_cap_violation__count,0
clock__skew__worst_hold,0.0
clock__skew__worst_setup,0.0
timing__hold__ws,4.337319959290341
timing__setup__ws,0.07401368616370084
timing__hold__tns,0.0
timing__setup__tns,0.0
timing__hold__wns,0
timing__setup__wns,0.0
timing__hold_vio__count,0
timing__hold_r2r__ws,inf
timing__hold_r2r_vio__count,0
timing__setup_vio__count,0
timing__setup_r2r__ws,inf
timing__setup_r2r_vio__count,0
design__die__bbox,0.0 0.0 115.54 126.26
design__core__bbox,5.52 10.88 109.94 114.24
design__io,30
design__die__area,14588.1
design__core__area,10792.9
design__instance__count__stdcell,646
design__instance__area__stdcell,3779.88
design__instance__count__macros,0
design__instance__area__macros,0
design__instance__utilization,0.35022
design__instance__utilization__stdcell,0.35022
design__instance__count__class:inverter,19
design__instance__count__class:multi_input_combinational_cell,447
flow__warnings__count,1
flow__errors__count,0
design__instance__count__class:fill_cell,921
design__instance__count__class:tap_cell,140
design__power_grid_violation__count__net:VGND,0
design__power_grid_violation__count__net:VPWR,0
design__power_grid_violation__count,0
floorplan__design__io,28
design__io__hpwl,2555325
timing__drv__floating__nets,0
timing__drv__floating__pins,0
design__instance__displacement__total,0
design__instance__displacement__mean,0
design__instance__displacement__max,0
route__wirelength__estimated,10146
design__violations,0
design__instance__count__class:timing_repair_buffer,40
design__instance__count__setup_buffer,0
design__instance__count__hold_buffer,0
antenna__violating__nets,0
antenna__violating__pins,0
route__antenna_violation__count,0
antenna_diodes_count,0
route__net,526
route__net__special,2
route__drc_errors__iter:1,242
route__wirelength__iter:1,12154
route__drc_errors__iter:2,115
route__wirelength__iter:2,12081
route__drc_errors__iter:3,71
route__wirelength__iter:3,12039
route__drc_errors__iter:4,0
route__wirelength__iter:4,12032
route__drc_errors,0
route__wirelength,12032
route__vias,3700
route__vias__singlecut,3700
route__vias__multicut,0
design__disconnected_pin__count,0
design__critical_disconnected_pin__count,0
route__wirelength__max,296.53
timing__unannotated_net__count__corner:nom_tt_025C_1v80,0
timing__unannotated_net_filtered__count__corner:nom_tt_025C_1v80,0
timing__unannotated_net__count__corner:nom_ss_100C_1v60,0
timing__unannotated_net_filtered__count__corner:nom_ss_100C_1v60,0
timing__unannotated_net__count__corner:nom_ff_n40C_1v95,0
timing__unannotated_net_filtered__count__corner:nom_ff_n40C_1v95,0
design__max_slew_violation__count__corner:min_tt_025C_1v80,0
design__max_fanout_violation__count__corner:min_tt_025C_1v80,0
design__max_cap_violation__count__corner:min_tt_025C_1v80,0
clock__skew__worst_hold__corner:min_tt_025C_1v80,0.0
clock__skew__worst_setup__corner:min_tt_025C_1v80,0.0
timing__hold__ws__corner:min_tt_025C_1v80,4.512096601840373
timing__setup__ws__corner:min_tt_025C_1v80,11.02574418529001
timing__hold__tns__corner:min_tt_025C_1v80,0.0
timing__setup__tns__corner:min_tt_025C_1v80,0.0
timing__hold__wns__corner:min_tt_025C_1v80,0
timing__setup__wns__corner:min_tt_025C_1v80,0.0
timing__hold_vio__count__corner:min_tt_025C_1v80,0
timing__hold_r2r__ws__corner:min_tt_025C_1v80,Infinity
timing__hold_r2r_vio__count__corner:min_tt_025C_1v80,0
timing__setup_vio__count__corner:min_tt_025C_1v80,0
timing__setup_r2r__ws__corner:min_tt_025C_1v80,Infinity
timing__setup_r2r_vio__count__corner:min_tt_025C_1v80,0
timing__unannotated_net__count__corner:min_tt_025C_1v80,0
timing__unannotated_net_filtered__count__corner:min_tt_025C_1v80,0
design__max_slew_violation__count__corner:min_ss_100C_1v60,0
design__max_fanout_violation__count__corner:min_ss_100C_1v60,0
design__max_cap_violation__count__corner:min_ss_100C_1v60,0
clock__skew__worst_hold__corner:min_ss_100C_1v60,0.0
clock__skew__worst_setup__corner:min_ss_100C_1v60,0.0
timing__hold__ws__corner:min_ss_100C_1v60,4.948215310886326
timing__setup__ws__corner:min_ss_100C_1v60,0.42275695252208817
timing__hold__tns__corner:min_ss_100C_1v60,0.0
timing__setup__tns__corner:min_ss_100C_1v60,0.0
timing__hold__wns__corner:min_ss_100C_1v60,0
timing__setup__wns__corner:min_ss_100C_1v60,0.0
timing__hold_vio__count__corner:min_ss_100C_1v60,0
timing__hold_r2r__ws__corner:min_ss_100C_1v60,Infinity
timing__hold_r2r_vio__count__corner:min_ss_100C_1v60,0
timing__setup_vio__count__corner:min_ss_100C_1v60,0
timing__setup_r2r__ws__corner:min_ss_100C_1v60,Infinity
timing__setup_r2r_vio__count__corner:min_ss_100C_1v60,0
timing__unannotated_net__count__corner:min_ss_100C_1v60,0
timing__unannotated_net_filtered__count__corner:min_ss_100C_1v60,0
design__max_slew_violation__count__corner:min_ff_n40C_1v95,0
design__max_fanout_violation__count__corner:min_ff_n40C_1v95,0
design__max_cap_violation__count__corner:min_ff_n40C_1v95,0
clock__skew__worst_hold__corner:min_ff_n40C_1v95,0.0
clock__skew__worst_setup__corner:min_ff_n40C_1v95,0.0
timing__hold__ws__corner:min_ff_n40C_1v95,4.337319959290341
timing__setup__ws__corner:min_ff_n40C_1v95,14.887315801504997
timing__hold__tns__corner:min_ff_n40C_1v95,0.0
timing__setup__tns__corner:min_ff_n40C_1v95,0.0
timing__hold__wns__corner:min_ff_n40C_1v95,0
timing__setup__wns__corner:min_ff_n40C_1v95,0.0
timing__hold_vio__count__corner:min_ff_n40C_1v95,0
timing__hold_r2r__ws__corner:min_ff_n40C_1v95,Infinity
timing__hold_r2r_vio__count__corner:min_ff_n40C_1v95,0
timing__setup_vio__count__corner:min_ff_n40C_1v95,0
timing__setup_r2r__ws__corner:min_ff_n40C_1v95,Infinity
timing__setup_r2r_vio__count__corner:min_ff_n40C_1v95,0
timing__unannotated_net__count__corner:min_ff_n40C_1v95,0
timing__unannotated_net_filtered__count__corner:min_ff_n40C_1v95,0
design__max_slew_violation__count__corner:max_tt_025C_1v80,0
design__max_fanout_violation__count__corner:max_tt_025C_1v80,0
design__max_cap_violation__count__corner:max_tt_025C_1v80,0
clock__skew__worst_hold__corner:max_tt_025C_1v80,0.0
clock__skew__worst_setup__corner:max_tt_025C_1v80,0.0
timing__hold__ws__corner:max_tt_025C_1v80,4.528713532364501
timing__setup__ws__corner:max_tt_025C_1v80,10.828076519681646
timing__hold__tns__corner:max_tt_025C_1v80,0.0
timing__setup__tns__corner:max_tt_025C_1v80,0.0
timing__hold__wns__corner:max_tt_025C_1v80,0
timing__setup__wns__corner:max_tt_025C_1v80,0.0
timing__hold_vio__count__corner:max_tt_025C_1v80,0
timing__hold_r2r__ws__corner:max_tt_025C_1v80,Infinity
timing__hold_r2r_vio__count__corner:max_tt_025C_1v80,0
timing__setup_vio__count__corner:max_tt_025C_1v80,0
timing__setup_r2r__ws__corner:max_tt_025C_1v80,Infinity
timing__setup_r2r_vio__count__corner:max_tt_025C_1v80,0
timing__unannotated_net__count__corner:max_tt_025C_1v80,0
timing__unannotated_net_filtered__count__corner:max_tt_025C_1v80,0
design__max_slew_violation__count__corner:max_ss_100C_1v60,0
design__max_fanout_violation__count__corner:max_ss_100C_1v60,0
design__max_cap_violation__count__corner:max_ss_100C_1v60,0
clock__skew__worst_hold__corner:max_ss_100C_1v60,0.0
clock__skew__worst_setup__corner:max_ss_100C_1v60,0.0
timing__hold__ws__corner:max_ss_100C_1v60,4.974785613152324
timing__setup__ws__corner:max_ss_100C_1v60,0.07401368616370084
timing__hold__tns__corner:max_ss_100C_1v60,0.0
timing__setup__tns__corner:max_ss_100C_1v60,0.0
timing__hold__wns__corner:max_ss_100C_1v60,0
timing__setup__wns__corner:max_ss_100C_1v60,0.0
timing__hold_vio__count__corner:max_ss_100C_1v60,0
timing__hold_r2r__ws__corner:max_ss_100C_1v60,Infinity
timing__hold_r2r_vio__count__corner:max_ss_100C_1v60,0
timing__setup_vio__count__corner:max_ss_100C_1v60,0
timing__setup_r2r__ws__corner:max_ss_100C_1v60,Infinity
timing__setup_r2r_vio__count__corner:max_ss_100C_1v60,0
timing__unannotated_net__count__corner:max_ss_100C_1v60,0
timing__unannotated_net_filtered__count__corner:max_ss_100C_1v60,0
design__max_slew_violation__count__corner:max_ff_n40C_1v95,0
design__max_fanout_violation__count__corner:max_ff_n40C_1v95,0
design__max_cap_violation__count__corner:max_ff_n40C_1v95,0
clock__skew__worst_hold__corner:max_ff_n40C_1v95,0.0
clock__skew__worst_setup__corner:max_ff_n40C_1v95,0.0
timing__hold__ws__corner:max_ff_n40C_1v95,4.346475302699541
timing__setup__ws__corner:max_ff_n40C_1v95,14.751356109707357
timing__hold__tns__corner:max_ff_n40C_1v95,0.0
timing__setup__tns__corner:max_ff_n40C_1v95,0.0
timing__hold__wns__corner:max_ff_n40C_1v95,0
timing__setup__wns__corner:max_ff_n40C_1v95,0.0
timing__hold_vio__count__corner:max_ff_n40C_1v95,0
timing__hold_r2r__ws__corner:max_ff_n40C_1v95,Infinity
timing__hold_r2r_vio__count__corner:max_ff_n40C_1v95,0
timing__setup_vio__count__corner:max_ff_n40C_1v95,0
timing__setup_r2r__ws__corner:max_ff_n40C_1v95,Infinity
timing__setup_r2r_vio__count__corner:max_ff_n40C_1v95,0
timing__unannotated_net__count__corner:max_ff_n40C_1v95,0
timing__unannotated_net_filtered__count__corner:max_ff_n40C_1v95,0
timing__unannotated_net__count,0
timing__unannotated_net_filtered__count,0
design_powergrid__voltage__worst__net:VPWR__corner:nom_tt_025C_1v80,1.79993
design_powergrid__drop__average__net:VPWR__corner:nom_tt_025C_1v80,1.79998
design_powergrid__drop__worst__net:VPWR__corner:nom_tt_025C_1v80,0.0000747001
design_powergrid__voltage__worst__net:VGND__corner:nom_tt_025C_1v80,0.000057221
design_powergrid__drop__average__net:VGND__corner:nom_tt_025C_1v80,0.000019316
design_powergrid__drop__worst__net:VGND__corner:nom_tt_025C_1v80,0.000057221
design_powergrid__voltage__worst,0.000057221
design_powergrid__voltage__worst__net:VPWR,1.79993
design_powergrid__drop__worst,0.0000747001
design_powergrid__drop__worst__net:VPWR,0.0000747001
design_powergrid__voltage__worst__net:VGND,0.000057221
design_powergrid__drop__worst__net:VGND,0.000057221
ir__voltage__worst,1.8000000000000000444089209850062616169452667236328125
ir__drop__avg,0.0000219999999999999994279749337966478606176679022610187530517578125
ir__drop__worst,0.00007469999999999999969017838719054225293803028762340545654296875
design__xor_difference__count,0
magic__drc_error__count,0
klayout__drc_error__count,0
magic__illegal_overlap__count,0
design__lvs_device_difference__count,0
design__lvs_net_difference__count,0
design__lvs_property_fail__count,0
design__lvs_error__count,0
design__lvs_unmatched_device__count,0
design__lvs_unmatched_net__count,0
design__lvs_unmatched_pin__count,0
