Instance,Terminal,Layer,X location,Y location,Voltage
FILLER_37_220,VGND,li1,107.6400,114.2400,0.000033
FILLER_37_208,VGND,li1,103.9600,114.2400,0.000033
FILLER_37_197,VGND,li1,97.9800,114.2400,0.000033
FILLER_37_184,VGND,li1,92.9200,114.2400,0.000033
FILLER_37_172,VGND,li1,87.4000,114.2400,0.000033
FILLER_37_167,VGND,li1,82.5700,114.2400,0.000032
FILLER_37_155,VGND,li1,77.2800,114.2400,0.000032
FILLER_37_139,VGND,li1,69.6900,114.2400,0.000030
FILLER_37_135,VGND,li1,68.5400,114.2400,0.000030
FILLER_37_125,VGND,li1,63.2500,114.2400,0.000029
FILLER_37_113,VGND,li1,57.9600,114.2400,0.000027
FILLER_37_111,VGND,li1,56.8100,114.2400,0.000026
FILLER_37_105,VGND,li1,54.5100,114.2400,0.000025
FILLER_37_81,VGND,li1,43.4700,114.2400,0.000020
FILLER_37_69,VGND,li1,40.0200,114.2400,0.000017
FILLER_37_57,VGND,li1,34.5000,114.2400,0.000014
FILLER_37_53,VGND,li1,30.5900,114.2400,0.000011
FILLER_37_41,VGND,li1,27.1400,114.2400,0.000009
FILLER_37_29,VGND,li1,21.6200,114.2400,0.000008
FILLER_37_25,VGND,li1,17.7100,114.2400,0.000009
FILLER_37_3,VGND,li1,7.1300,114.2400,0.000009
FILLER_36_218,VGND,li1,107.1800,108.8000,0.000051
FILLER_36_194,VGND,li1,95.2200,108.8000,0.000050
FILLER_36_177,VGND,li1,87.1700,108.8000,0.000049
FILLER_36_173,VGND,li1,86.0200,108.8000,0.000048
FILLER_36_141,VGND,li1,71.7600,108.8000,0.000044
FILLER_36_138,VGND,li1,69.4600,108.8000,0.000042
FILLER_36_131,VGND,li1,66.2400,108.8000,0.000041
FILLER_36_116,VGND,li1,59.1100,108.8000,0.000038
FILLER_36_112,VGND,li1,57.9600,108.8000,0.000037
FILLER_36_100,VGND,li1,54.2800,108.8000,0.000035
FILLER_36_91,VGND,li1,47.6100,108.8000,0.000030
FILLER_36_85,VGND,li1,46.0000,108.8000,0.000030
FILLER_36_83,VGND,li1,43.9300,108.8000,0.000028
FILLER_36_75,VGND,li1,41.8600,108.8000,0.000027
FILLER_36_66,VGND,li1,36.3400,108.8000,0.000022
FILLER_36_58,VGND,li1,34.0400,108.8000,0.000020
FILLER_36_50,VGND,li1,28.9800,108.8000,0.000015
FILLER_36_3,VGND,li1,7.3600,108.8000,0.000016
FILLER_35_223,VGND,li1,108.3300,108.8000,0.000051
FILLER_35_217,VGND,li1,106.7200,108.8000,0.000051
FILLER_35_213,VGND,li1,103.7300,108.8000,0.000051
FILLER_35_209,VGND,li1,102.5800,108.8000,0.000051
FILLER_35_203,VGND,li1,99.3600,108.8000,0.000051
FILLER_35_191,VGND,li1,96.1400,108.8000,0.000050
FILLER_35_173,VGND,li1,85.3300,108.8000,0.000048
FILLER_35_169,VGND,li1,84.1800,108.8000,0.000048
FILLER_35_167,VGND,li1,82.5700,108.8000,0.000048
FILLER_35_163,VGND,li1,81.4200,108.8000,0.000047
FILLER_35_142,VGND,li1,72.6800,108.8000,0.000044
FILLER_35_122,VGND,li1,62.1000,108.8000,0.000039
FILLER_35_111,VGND,li1,56.8100,108.8000,0.000037
FILLER_35_107,VGND,li1,55.6600,108.8000,0.000035
FILLER_35_89,VGND,li1,46.9200,108.8000,0.000030
FILLER_35_69,VGND,li1,38.1800,108.8000,0.000024
FILLER_35_57,VGND,li1,34.5000,108.8000,0.000020
FILLER_35_53,VGND,li1,30.5900,108.8000,0.000017
FILLER_35_47,VGND,li1,27.3700,108.8000,0.000015
FILLER_35_39,VGND,li1,23.9200,108.8000,0.000013
FILLER_35_27,VGND,li1,20.7000,108.8000,0.000014
FILLER_35_7,VGND,li1,8.9700,108.8000,0.000016
FILLER_35_3,VGND,li1,7.8200,108.8000,0.000016
FILLER_34_216,VGND,li1,106.7200,103.3600,0.000032
FILLER_34_197,VGND,li1,97.9800,103.3600,0.000031
FILLER_34_192,VGND,li1,94.7600,103.3600,0.000031
FILLER_34_180,VGND,li1,91.0800,103.3600,0.000031
FILLER_34_170,VGND,li1,84.4100,103.3600,0.000030
FILLER_34_158,VGND,li1,80.9600,103.3600,0.000030
FILLER_34_136,VGND,li1,69.0000,103.3600,0.000028
FILLER_34_113,VGND,li1,58.4200,103.3600,0.000025
FILLER_34_101,VGND,li1,54.7400,103.3600,0.000024
FILLER_34_91,VGND,li1,47.6100,103.3600,0.000021
FILLER_34_85,VGND,li1,46.0000,103.3600,0.000021
FILLER_34_83,VGND,li1,43.9300,103.3600,0.000020
FILLER_34_79,VGND,li1,42.7800,103.3600,0.000019
FILLER_34_61,VGND,li1,33.8100,103.3600,0.000016
FILLER_34_57,VGND,li1,32.6600,103.3600,0.000015
FILLER_34_45,VGND,li1,28.9800,103.3600,0.000014
FILLER_34_26,VGND,li1,17.9400,103.3600,0.000014
FILLER_34_12,VGND,li1,11.5000,103.3600,0.000016
FILLER_33_223,VGND,li1,108.3300,103.3600,0.000032
FILLER_33_219,VGND,li1,107.1800,103.3600,0.000032
FILLER_33_207,VGND,li1,103.5000,103.3600,0.000032
FILLER_33_196,VGND,li1,97.5200,103.3600,0.000031
FILLER_33_192,VGND,li1,94.0700,103.3600,0.000031
FILLER_33_188,VGND,li1,92.9200,103.3600,0.000031
FILLER_33_176,VGND,li1,89.2400,103.3600,0.000031
FILLER_33_160,VGND,li1,80.9600,103.3600,0.000030
FILLER_33_125,VGND,li1,64.4000,103.3600,0.000027
FILLER_33_113,VGND,li1,57.9600,103.3600,0.000025
FILLER_33_100,VGND,li1,54.2800,103.3600,0.000024
FILLER_33_88,VGND,li1,48.7600,103.3600,0.000022
FILLER_33_76,VGND,li1,43.2400,103.3600,0.000020
FILLER_33_48,VGND,li1,29.4400,103.3600,0.000014
FILLER_33_36,VGND,li1,24.8400,103.3600,0.000011
FILLER_33_26,VGND,li1,17.9400,103.3600,0.000014
FILLER_32_219,VGND,li1,106.7200,97.9200,0.000034
FILLER_32_207,VGND,li1,103.5000,97.9200,0.000034
FILLER_32_194,VGND,li1,95.2200,97.9200,0.000033
FILLER_32_177,VGND,li1,87.6300,97.9200,0.000032
FILLER_32_168,VGND,li1,83.0300,97.9200,0.000031
FILLER_32_160,VGND,li1,79.3500,97.9200,0.000030
FILLER_32_154,VGND,li1,77.7400,97.9200,0.000029
FILLER_32_147,VGND,li1,73.3700,97.9200,0.000028
FILLER_32_141,VGND,li1,71.7600,97.9200,0.000027
FILLER_32_137,VGND,li1,69.2300,97.9200,0.000027
FILLER_32_129,VGND,li1,66.7000,97.9200,0.000025
FILLER_32_117,VGND,li1,62.1000,97.9200,0.000024
FILLER_32_105,VGND,li1,56.5800,97.9200,0.000022
FILLER_32_97,VGND,li1,50.8300,97.9200,0.000020
FILLER_32_85,VGND,li1,47.3800,97.9200,0.000019
FILLER_32_78,VGND,li1,42.7800,97.9200,0.000017
FILLER_32_66,VGND,li1,36.5700,97.9200,0.000014
FILLER_32_54,VGND,li1,31.7400,97.9200,0.000012
FILLER_32_48,VGND,li1,27.8300,97.9200,0.000010
FILLER_32_36,VGND,li1,24.8400,97.9200,0.000008
FILLER_32_22,VGND,li1,17.0200,97.9200,0.000010
FILLER_31_220,VGND,li1,106.9500,97.9200,0.000034
FILLER_31_210,VGND,li1,102.5800,97.9200,0.000034
FILLER_31_192,VGND,li1,94.5300,97.9200,0.000033
FILLER_31_184,VGND,li1,92.0000,97.9200,0.000033
FILLER_31_177,VGND,li1,87.1700,97.9200,0.000032
FILLER_31_169,VGND,li1,85.1000,97.9200,0.000031
FILLER_31_167,VGND,li1,82.5700,97.9200,0.000030
FILLER_31_161,VGND,li1,80.9600,97.9200,0.000030
FILLER_31_149,VGND,li1,76.8200,97.9200,0.000029
FILLER_31_137,VGND,li1,71.3000,97.9200,0.000027
FILLER_31_125,VGND,li1,65.7800,97.9200,0.000025
FILLER_31_113,VGND,li1,60.2600,97.9200,0.000024
FILLER_31_98,VGND,li1,50.8300,97.9200,0.000020
FILLER_31_81,VGND,li1,44.6200,97.9200,0.000018
FILLER_31_69,VGND,li1,40.0200,97.9200,0.000016
FILLER_31_57,VGND,li1,34.5000,97.9200,0.000013
FILLER_31_44,VGND,li1,28.5200,97.9200,0.000010
FILLER_31_32,VGND,li1,23.0000,97.9200,0.000008
FILLER_31_15,VGND,li1,14.2600,97.9200,0.000010
FILLER_31_3,VGND,li1,9.6600,97.9200,0.000010
FILLER_30_223,VGND,li1,108.3300,92.4800,0.000050
FILLER_30_205,VGND,li1,100.5100,92.4800,0.000049
FILLER_30_197,VGND,li1,97.9800,92.4800,0.000049
FILLER_30_190,VGND,li1,94.3000,92.4800,0.000048
FILLER_30_176,VGND,li1,87.1700,92.4800,0.000046
FILLER_30_168,VGND,li1,84.6400,92.4800,0.000045
FILLER_30_149,VGND,li1,74.2900,92.4800,0.000043
FILLER_30_141,VGND,li1,72.2200,92.4800,0.000042
FILLER_30_138,VGND,li1,69.4600,92.4800,0.000041
FILLER_30_132,VGND,li1,66.4700,92.4800,0.000040
FILLER_30_109,VGND,li1,56.3500,92.4800,0.000035
FILLER_30_90,VGND,li1,47.3800,92.4800,0.000030
FILLER_30_80,VGND,li1,42.5500,92.4800,0.000027
FILLER_30_76,VGND,li1,41.4000,92.4800,0.000027
FILLER_30_67,VGND,li1,37.0300,92.4800,0.000023
FILLER_30_50,VGND,li1,28.7500,92.4800,0.000017
FILLER_30_41,VGND,li1,24.6100,92.4800,0.000013
FILLER_30_29,VGND,li1,21.6200,92.4800,0.000014
FILLER_30_26,VGND,li1,17.9400,92.4800,0.000016
FILLER_30_9,VGND,li1,10.3500,92.4800,0.000018
FILLER_29_222,VGND,li1,108.1000,92.4800,0.000050
FILLER_29_212,VGND,li1,103.5000,92.4800,0.000050
FILLER_29_200,VGND,li1,100.2800,92.4800,0.000049
FILLER_29_188,VGND,li1,94.7600,92.4800,0.000048
FILLER_29_177,VGND,li1,87.6300,92.4800,0.000046
FILLER_29_167,VGND,li1,82.5700,92.4800,0.000045
FILLER_29_158,VGND,li1,79.1200,92.4800,0.000044
FILLER_29_149,VGND,li1,74.2900,92.4800,0.000043
FILLER_29_141,VGND,li1,72.2200,92.4800,0.000042
FILLER_29_128,VGND,li1,64.6300,92.4800,0.000039
FILLER_29_113,VGND,li1,60.2600,92.4800,0.000037
FILLER_29_111,VGND,li1,56.8100,92.4800,0.000036
FILLER_29_99,VGND,li1,53.8200,92.4800,0.000034
FILLER_29_87,VGND,li1,48.3000,92.4800,0.000031
FILLER_29_75,VGND,li1,42.7800,92.4800,0.000027
FILLER_29_67,VGND,li1,37.0300,92.4800,0.000023
FILLER_29_55,VGND,li1,31.0500,92.4800,0.000019
FILLER_29_45,VGND,li1,26.6800,92.4800,0.000015
FILLER_29_37,VGND,li1,24.3800,92.4800,0.000013
FILLER_29_25,VGND,li1,19.7800,92.4800,0.000015
FILLER_29_21,VGND,li1,15.4100,92.4800,0.000017
FILLER_29_3,VGND,li1,7.5900,92.4800,0.000018
FILLER_28_218,VGND,li1,107.1800,87.0400,0.000021
FILLER_28_206,VGND,li1,103.0400,87.0400,0.000021
FILLER_28_184,VGND,li1,92.9200,87.0400,0.000020
FILLER_28_165,VGND,li1,84.1800,87.0400,0.000019
FILLER_28_153,VGND,li1,78.6600,87.0400,0.000019
FILLER_28_141,VGND,li1,73.1400,87.0400,0.000018
FILLER_28_139,VGND,li1,69.6900,87.0400,0.000018
FILLER_28_131,VGND,li1,67.6200,87.0400,0.000018
FILLER_28_115,VGND,li1,59.8000,87.0400,0.000016
FILLER_28_103,VGND,li1,55.6600,87.0400,0.000016
FILLER_28_93,VGND,li1,48.7600,87.0400,0.000014
FILLER_28_85,VGND,li1,46.4600,87.0400,0.000014
FILLER_28_81,VGND,li1,43.4700,87.0400,0.000013
FILLER_28_66,VGND,li1,37.7200,87.0400,0.000012
FILLER_28_54,VGND,li1,33.1200,87.0400,0.000010
FILLER_28_37,VGND,li1,23.0000,87.0400,0.000008
FILLER_28_29,VGND,li1,20.7000,87.0400,0.000009
FILLER_28_25,VGND,li1,17.7100,87.0400,0.000009
FILLER_28_15,VGND,li1,13.3400,87.0400,0.000010
FILLER_28_3,VGND,li1,9.6600,87.0400,0.000010
FILLER_27_223,VGND,li1,108.3300,87.0400,0.000021
FILLER_27_217,VGND,li1,106.7200,87.0400,0.000021
FILLER_27_209,VGND,li1,102.5800,87.0400,0.000021
FILLER_27_205,VGND,li1,100.0500,87.0400,0.000021
FILLER_27_193,VGND,li1,97.0600,87.0400,0.000021
FILLER_27_181,VGND,li1,91.5400,87.0400,0.000020
FILLER_27_169,VGND,li1,85.1000,87.0400,0.000019
FILLER_27_167,VGND,li1,82.5700,87.0400,0.000019
FILLER_27_163,VGND,li1,81.4200,87.0400,0.000019
FILLER_27_151,VGND,li1,77.7400,87.0400,0.000019
FILLER_27_137,VGND,li1,69.0000,87.0400,0.000018
FILLER_27_125,VGND,li1,65.7800,87.0400,0.000017
FILLER_27_113,VGND,li1,60.2600,87.0400,0.000016
FILLER_27_109,VGND,li1,56.3500,87.0400,0.000016
FILLER_27_101,VGND,li1,53.8200,87.0400,0.000015
FILLER_27_89,VGND,li1,49.2200,87.0400,0.000014
FILLER_27_77,VGND,li1,42.3200,87.0400,0.000012
FILLER_27_65,VGND,li1,38.1800,87.0400,0.000012
FILLER_27_51,VGND,li1,29.4400,87.0400,0.000009
FILLER_27_37,VGND,li1,22.7700,87.0400,0.000008
FILLER_27_29,VGND,li1,20.7000,87.0400,0.000009
FILLER_27_3,VGND,li1,9.6600,87.0400,0.000010
FILLER_26_220,VGND,li1,107.6400,81.6000,0.000056
FILLER_26_209,VGND,li1,101.8900,81.6000,0.000055
FILLER_26_205,VGND,li1,100.7400,81.6000,0.000055
FILLER_26_189,VGND,li1,92.9200,81.6000,0.000053
FILLER_26_159,VGND,li1,81.4200,81.6000,0.000049
FILLER_26_141,VGND,li1,70.8400,81.6000,0.000044
FILLER_26_139,VGND,li1,69.6900,81.6000,0.000044
FILLER_26_127,VGND,li1,66.7000,81.6000,0.000043
FILLER_26_108,VGND,li1,55.8900,81.6000,0.000037
FILLER_26_96,VGND,li1,52.4400,81.6000,0.000035
FILLER_26_85,VGND,li1,45.5400,81.6000,0.000032
FILLER_26_82,VGND,li1,43.7000,81.6000,0.000030
FILLER_26_74,VGND,li1,41.4000,81.6000,0.000029
FILLER_26_64,VGND,li1,35.4200,81.6000,0.000024
FILLER_26_56,VGND,li1,33.1200,81.6000,0.000022
FILLER_26_44,VGND,li1,25.9900,81.6000,0.000015
FILLER_26_40,VGND,li1,24.8400,81.6000,0.000015
FILLER_26_29,VGND,li1,19.5500,81.6000,0.000019
FILLER_26_7,VGND,li1,9.6600,81.6000,0.000020
FILLER_25_223,VGND,li1,108.3300,81.6000,0.000056
FILLER_25_215,VGND,li1,106.2600,81.6000,0.000056
FILLER_25_208,VGND,li1,102.1200,81.6000,0.000055
FILLER_25_199,VGND,li1,97.2900,81.6000,0.000055
FILLER_25_193,VGND,li1,95.6800,81.6000,0.000054
FILLER_25_177,VGND,li1,87.1700,81.6000,0.000051
FILLER_25_169,VGND,li1,85.1000,81.6000,0.000051
FILLER_25_165,VGND,li1,82.1100,81.6000,0.000049
FILLER_25_154,VGND,li1,77.0500,81.6000,0.000047
FILLER_25_121,VGND,li1,61.4100,81.6000,0.000040
FILLER_25_108,VGND,li1,56.1200,81.6000,0.000037
FILLER_25_100,VGND,li1,51.7500,81.6000,0.000035
FILLER_25_82,VGND,li1,44.1600,81.6000,0.000030
FILLER_25_57,VGND,li1,32.2000,81.6000,0.000022
FILLER_25_50,VGND,li1,29.9000,81.6000,0.000020
FILLER_25_31,VGND,li1,22.5400,81.6000,0.000017
FILLER_25_3,VGND,li1,8.7400,81.6000,0.000020
FILLER_24_222,VGND,li1,108.1000,76.1600,0.000034
FILLER_24_214,VGND,li1,105.8000,76.1600,0.000033
FILLER_24_202,VGND,li1,101.2000,76.1600,0.000033
FILLER_24_190,VGND,li1,94.3000,76.1600,0.000032
FILLER_24_179,VGND,li1,88.3200,76.1600,0.000031
FILLER_24_167,VGND,li1,85.1000,76.1600,0.000030
FILLER_24_152,VGND,li1,75.9000,76.1600,0.000028
FILLER_24_141,VGND,li1,71.3000,76.1600,0.000027
FILLER_24_138,VGND,li1,69.4600,76.1600,0.000027
FILLER_24_124,VGND,li1,63.2500,76.1600,0.000025
FILLER_24_112,VGND,li1,57.7300,76.1600,0.000024
FILLER_24_105,VGND,li1,54.0500,76.1600,0.000023
FILLER_24_97,VGND,li1,51.9800,76.1600,0.000022
FILLER_24_85,VGND,li1,47.3800,76.1600,0.000020
FILLER_24_81,VGND,li1,43.4700,76.1600,0.000019
FILLER_24_73,VGND,li1,40.9400,76.1600,0.000018
FILLER_24_59,VGND,li1,33.3500,76.1600,0.000015
FILLER_24_46,VGND,li1,28.0600,76.1600,0.000012
FILLER_24_40,VGND,li1,24.1500,76.1600,0.000009
FILLER_24_32,VGND,li1,22.0800,76.1600,0.000010
FILLER_24_11,VGND,li1,11.2700,76.1600,0.000011
FILLER_24_3,VGND,li1,8.7400,76.1600,0.000011
FILLER_23_222,VGND,li1,108.1000,76.1600,0.000034
FILLER_23_208,VGND,li1,101.4300,76.1600,0.000033
FILLER_23_196,VGND,li1,98.4400,76.1600,0.000032
FILLER_23_184,VGND,li1,92.9200,76.1600,0.000032
FILLER_23_172,VGND,li1,87.4000,76.1600,0.000031
FILLER_23_162,VGND,li1,80.2700,76.1600,0.000029
FILLER_23_150,VGND,li1,77.2800,76.1600,0.000028
FILLER_23_138,VGND,li1,71.7600,76.1600,0.000027
FILLER_23_123,VGND,li1,62.3300,76.1600,0.000025
FILLER_23_113,VGND,li1,58.1900,76.1600,0.000024
FILLER_23_106,VGND,li1,55.6600,76.1600,0.000023
FILLER_23_94,VGND,li1,51.5200,76.1600,0.000022
FILLER_23_80,VGND,li1,42.7800,76.1600,0.000019
FILLER_23_72,VGND,li1,40.4800,76.1600,0.000018
FILLER_23_52,VGND,li1,30.3600,76.1600,0.000013
FILLER_23_41,VGND,li1,25.7600,76.1600,0.000009
FILLER_23_27,VGND,li1,19.3200,76.1600,0.000010
FILLER_23_15,VGND,li1,15.1800,76.1600,0.000011
FILLER_23_7,VGND,li1,8.9700,76.1600,0.000011
FILLER_23_3,VGND,li1,7.8200,76.1600,0.000011
FILLER_22_223,VGND,li1,108.3300,70.7200,0.000047
FILLER_22_217,VGND,li1,106.7200,70.7200,0.000047
FILLER_22_200,VGND,li1,99.3600,70.7200,0.000047
FILLER_22_195,VGND,li1,95.4500,70.7200,0.000047
FILLER_22_174,VGND,li1,88.3200,70.7200,0.000046
FILLER_22_162,VGND,li1,82.8000,70.7200,0.000044
FILLER_22_153,VGND,li1,77.2800,70.7200,0.000043
FILLER_22_147,VGND,li1,73.3700,70.7200,0.000041
FILLER_22_141,VGND,li1,71.7600,70.7200,0.000040
FILLER_22_93,VGND,li1,51.0600,70.7200,0.000032
FILLER_22_85,VGND,li1,45.0800,70.7200,0.000028
FILLER_22_83,VGND,li1,43.9300,70.7200,0.000026
FILLER_22_75,VGND,li1,41.8600,70.7200,0.000025
FILLER_22_64,VGND,li1,36.8000,70.7200,0.000020
FILLER_22_52,VGND,li1,32.2000,70.7200,0.000016
FILLER_22_44,VGND,li1,25.9900,70.7200,0.000010
FILLER_22_38,VGND,li1,23.4600,70.7200,0.000011
FILLER_22_26,VGND,li1,17.9400,70.7200,0.000011
FILLER_22_14,VGND,li1,14.7200,70.7200,0.000011
FILLER_22_3,VGND,li1,7.8200,70.7200,0.000012
FILLER_21_221,VGND,li1,107.8700,70.7200,0.000047
FILLER_21_213,VGND,li1,105.3400,70.7200,0.000047
FILLER_21_201,VGND,li1,100.7400,70.7200,0.000047
FILLER_21_189,VGND,li1,95.2200,70.7200,0.000047
FILLER_21_172,VGND,li1,85.5600,70.7200,0.000045
FILLER_21_166,VGND,li1,82.3400,70.7200,0.000044
FILLER_21_154,VGND,li1,76.5900,70.7200,0.000043
FILLER_21_145,VGND,li1,72.9100,70.7200,0.000041
FILLER_21_109,VGND,li1,56.3500,70.7200,0.000035
FILLER_21_85,VGND,li1,45.3100,70.7200,0.000028
FILLER_21_77,VGND,li1,41.1700,70.7200,0.000025
FILLER_21_65,VGND,li1,36.1100,70.7200,0.000020
FILLER_21_57,VGND,li1,33.5800,70.7200,0.000018
FILLER_21_55,VGND,li1,31.0500,70.7200,0.000016
FILLER_21_47,VGND,li1,28.9800,70.7200,0.000013
FILLER_21_35,VGND,li1,24.3800,70.7200,0.000010
FILLER_21_23,VGND,li1,18.8600,70.7200,0.000011
FILLER_21_11,VGND,li1,13.3400,70.7200,0.000011
FILLER_21_3,VGND,li1,7.1300,70.7200,0.000012
FILLER_20_220,VGND,li1,107.6400,65.2800,0.000037
FILLER_20_208,VGND,li1,103.9600,65.2800,0.000037
FILLER_20_197,VGND,li1,97.0600,65.2800,0.000036
FILLER_20_195,VGND,li1,95.4500,65.2800,0.000036
FILLER_20_187,VGND,li1,93.3800,65.2800,0.000036
FILLER_20_175,VGND,li1,88.7800,65.2800,0.000035
FILLER_20_163,VGND,li1,83.2600,65.2800,0.000034
FILLER_20_153,VGND,li1,76.3600,65.2800,0.000032
FILLER_20_146,VGND,li1,73.1400,65.2800,0.000032
FILLER_20_139,VGND,li1,69.6900,65.2800,0.000031
FILLER_20_135,VGND,li1,68.5400,65.2800,0.000031
FILLER_20_127,VGND,li1,64.1700,65.2800,0.000030
FILLER_20_110,VGND,li1,56.3500,65.2800,0.000027
FILLER_20_106,VGND,li1,55.2000,65.2800,0.000027
FILLER_20_99,VGND,li1,51.2900,65.2800,0.000026
FILLER_20_93,VGND,li1,48.9900,65.2800,0.000025
FILLER_20_85,VGND,li1,46.4600,65.2800,0.000023
FILLER_20_83,VGND,li1,43.9300,65.2800,0.000023
FILLER_20_79,VGND,li1,42.7800,65.2800,0.000022
FILLER_20_65,VGND,li1,36.8000,65.2800,0.000020
FILLER_20_48,VGND,li1,28.0600,65.2800,0.000014
FILLER_20_41,VGND,li1,24.6100,65.2800,0.000012
FILLER_20_26,VGND,li1,17.9400,65.2800,0.000014
FILLER_20_11,VGND,li1,11.2700,65.2800,0.000015
FILLER_20_3,VGND,li1,8.7400,65.2800,0.000015
FILLER_19_223,VGND,li1,108.3300,65.2800,0.000037
FILLER_19_217,VGND,li1,106.7200,65.2800,0.000037
FILLER_19_207,VGND,li1,101.4300,65.2800,0.000037
FILLER_19_181,VGND,li1,90.6200,65.2800,0.000036
FILLER_19_169,VGND,li1,86.0200,65.2800,0.000035
FILLER_19_160,VGND,li1,80.9600,65.2800,0.000034
FILLER_19_148,VGND,li1,76.3600,65.2800,0.000032
FILLER_19_142,VGND,li1,71.5300,65.2800,0.000032
FILLER_19_134,VGND,li1,69.0000,65.2800,0.000031
FILLER_19_125,VGND,li1,63.4800,65.2800,0.000030
FILLER_19_117,VGND,li1,59.5700,65.2800,0.000029
FILLER_19_113,VGND,li1,58.4200,65.2800,0.000028
FILLER_19_111,VGND,li1,56.8100,65.2800,0.000027
FILLER_19_99,VGND,li1,53.8200,65.2800,0.000027
FILLER_19_87,VGND,li1,48.3000,65.2800,0.000025
FILLER_19_67,VGND,li1,36.8000,65.2800,0.000020
FILLER_19_52,VGND,li1,30.3600,65.2800,0.000016
FILLER_19_29,VGND,li1,19.3200,65.2800,0.000014
FILLER_19_15,VGND,li1,12.8800,65.2800,0.000015
FILLER_19_3,VGND,li1,9.6600,65.2800,0.000015
FILLER_18_218,VGND,li1,107.1800,59.8400,0.000055
FILLER_18_197,VGND,li1,96.8300,59.8400,0.000054
FILLER_18_184,VGND,li1,92.9200,59.8400,0.000053
FILLER_18_166,VGND,li1,83.2600,59.8400,0.000050
FILLER_18_162,VGND,li1,80.2700,59.8400,0.000049
FILLER_18_150,VGND,li1,77.2800,59.8400,0.000048
FILLER_18_141,VGND,li1,70.8400,59.8400,0.000045
FILLER_18_139,VGND,li1,69.6900,59.8400,0.000044
FILLER_18_131,VGND,li1,67.6200,59.8400,0.000042
FILLER_18_115,VGND,li1,59.1100,59.8400,0.000037
FILLER_18_107,VGND,li1,56.5800,59.8400,0.000036
FILLER_18_97,VGND,li1,51.0600,59.8400,0.000032
FILLER_18_85,VGND,li1,47.3800,59.8400,0.000029
FILLER_18_83,VGND,li1,43.9300,59.8400,0.000026
FILLER_18_79,VGND,li1,42.7800,59.8400,0.000026
FILLER_18_65,VGND,li1,37.2600,59.8400,0.000022
FILLER_18_53,VGND,li1,32.6600,59.8400,0.000017
FILLER_18_41,VGND,li1,25.7600,59.8400,0.000011
FILLER_18_29,VGND,li1,19.0900,59.8400,0.000012
FILLER_18_27,VGND,li1,18.1700,59.8400,0.000012
FILLER_18_15,VGND,li1,15.1800,59.8400,0.000012
FILLER_18_7,VGND,li1,8.9700,59.8400,0.000013
FILLER_18_3,VGND,li1,7.8200,59.8400,0.000013
FILLER_17_223,VGND,li1,108.3300,59.8400,0.000055
FILLER_17_219,VGND,li1,107.1800,59.8400,0.000055
FILLER_17_207,VGND,li1,103.5000,59.8400,0.000055
FILLER_17_201,VGND,li1,98.2100,59.8400,0.000054
FILLER_17_189,VGND,li1,95.2200,59.8400,0.000054
FILLER_17_177,VGND,li1,89.7000,59.8400,0.000052
FILLER_17_160,VGND,li1,79.3500,59.8400,0.000049
FILLER_17_142,VGND,li1,71.5300,59.8400,0.000045
FILLER_17_134,VGND,li1,69.0000,59.8400,0.000044
FILLER_17_120,VGND,li1,61.1800,59.8400,0.000039
FILLER_17_111,VGND,li1,56.8100,59.8400,0.000036
FILLER_17_107,VGND,li1,55.6600,59.8400,0.000036
FILLER_17_101,VGND,li1,52.2100,59.8400,0.000032
FILLER_17_94,VGND,li1,49.2200,59.8400,0.000031
FILLER_17_88,VGND,li1,46.2300,59.8400,0.000029
FILLER_17_83,VGND,li1,44.1600,59.8400,0.000027
FILLER_17_76,VGND,li1,40.7100,59.8400,0.000023
FILLER_17_70,VGND,li1,39.1000,59.8400,0.000023
FILLER_17_64,VGND,li1,35.4200,59.8400,0.000020
FILLER_17_55,VGND,li1,31.0500,59.8400,0.000017
FILLER_17_47,VGND,li1,28.9800,59.8400,0.000014
FILLER_17_35,VGND,li1,24.3800,59.8400,0.000011
FILLER_17_20,VGND,li1,16.5600,59.8400,0.000012
FILLER_17_11,VGND,li1,11.0400,59.8400,0.000013
FILLER_17_3,VGND,li1,7.1300,59.8400,0.000013
FILLER_16_223,VGND,li1,108.3300,54.4000,0.000050
FILLER_16_217,VGND,li1,106.7200,54.4000,0.000050
FILLER_16_209,VGND,li1,101.8900,54.4000,0.000050
FILLER_16_197,VGND,li1,98.9000,54.4000,0.000049
FILLER_16_195,VGND,li1,95.4500,54.4000,0.000048
FILLER_16_189,VGND,li1,93.8400,54.4000,0.000048
FILLER_16_177,VGND,li1,89.7000,54.4000,0.000046
FILLER_16_165,VGND,li1,84.1800,54.4000,0.000043
FILLER_16_161,VGND,li1,79.8100,54.4000,0.000042
FILLER_16_153,VGND,li1,77.7400,54.4000,0.000041
FILLER_16_141,VGND,li1,73.1400,54.4000,0.000039
FILLER_16_139,VGND,li1,69.6900,54.4000,0.000037
FILLER_16_114,VGND,li1,58.1900,54.4000,0.000032
FILLER_16_97,VGND,li1,51.0600,54.4000,0.000028
FILLER_16_85,VGND,li1,47.3800,54.4000,0.000025
FILLER_16_82,VGND,li1,43.7000,54.4000,0.000023
FILLER_16_41,VGND,li1,25.0700,54.4000,0.000010
FILLER_16_29,VGND,li1,21.6200,54.4000,0.000010
FILLER_16_27,VGND,li1,18.1700,54.4000,0.000011
FILLER_16_21,VGND,li1,16.5600,54.4000,0.000011
FILLER_16_11,VGND,li1,11.2700,54.4000,0.000012
FILLER_16_3,VGND,li1,8.7400,54.4000,0.000012
FILLER_15_223,VGND,li1,108.3300,54.4000,0.000050
FILLER_15_219,VGND,li1,107.1800,54.4000,0.000050
FILLER_15_207,VGND,li1,103.5000,54.4000,0.000050
FILLER_15_197,VGND,li1,97.0600,54.4000,0.000048
FILLER_15_181,VGND,li1,89.4700,54.4000,0.000046
FILLER_15_169,VGND,li1,86.0200,54.4000,0.000044
FILLER_15_162,VGND,li1,81.4200,54.4000,0.000042
FILLER_15_150,VGND,li1,77.2800,54.4000,0.000041
FILLER_15_134,VGND,li1,68.0800,54.4000,0.000037
FILLER_15_113,VGND,li1,58.1900,54.4000,0.000032
FILLER_15_98,VGND,li1,52.4400,54.4000,0.000028
FILLER_15_86,VGND,li1,47.8400,54.4000,0.000025
FILLER_15_74,VGND,li1,42.3200,54.4000,0.000021
FILLER_15_63,VGND,li1,34.7300,54.4000,0.000016
FILLER_15_55,VGND,li1,31.0500,54.4000,0.000014
FILLER_15_43,VGND,li1,28.0600,54.4000,0.000011
FILLER_15_31,VGND,li1,22.5400,54.4000,0.000010
FILLER_15_19,VGND,li1,17.0200,54.4000,0.000011
FILLER_15_3,VGND,li1,7.5900,54.4000,0.000012
FILLER_14_217,VGND,li1,106.0300,48.9600,0.000052
FILLER_14_205,VGND,li1,102.5800,48.9600,0.000052
FILLER_14_195,VGND,li1,95.4500,48.9600,0.000050
FILLER_14_173,VGND,li1,86.4800,48.9600,0.000047
FILLER_14_161,VGND,li1,82.3400,48.9600,0.000045
FILLER_14_136,VGND,li1,69.0000,48.9600,0.000039
FILLER_14_124,VGND,li1,65.3200,48.9600,0.000037
FILLER_14_120,VGND,li1,60.9500,48.9600,0.000034
FILLER_14_108,VGND,li1,55.4300,48.9600,0.000031
FILLER_14_96,VGND,li1,52.4400,48.9600,0.000029
FILLER_14_73,VGND,li1,40.9400,48.9600,0.000022
FILLER_14_61,VGND,li1,36.3400,48.9600,0.000019
FILLER_14_49,VGND,li1,30.8200,48.9600,0.000015
FILLER_14_38,VGND,li1,23.6900,48.9600,0.000011
FILLER_14_15,VGND,li1,12.6500,48.9600,0.000012
FILLER_14_3,VGND,li1,9.6600,48.9600,0.000012
FILLER_13_223,VGND,li1,108.3300,48.9600,0.000053
FILLER_13_183,VGND,li1,89.9300,48.9600,0.000049
FILLER_13_179,VGND,li1,88.7800,48.9600,0.000048
FILLER_13_148,VGND,li1,74.5200,48.9600,0.000042
FILLER_13_137,VGND,li1,69.4600,48.9600,0.000039
FILLER_13_125,VGND,li1,65.7800,48.9600,0.000037
FILLER_13_113,VGND,li1,60.2600,48.9600,0.000034
FILLER_13_111,VGND,li1,56.8100,48.9600,0.000031
FILLER_13_105,VGND,li1,55.2000,48.9600,0.000031
FILLER_13_93,VGND,li1,51.0600,48.9600,0.000029
FILLER_13_89,VGND,li1,46.6900,48.9600,0.000026
FILLER_13_75,VGND,li1,40.2500,48.9600,0.000022
FILLER_13_63,VGND,li1,37.2600,48.9600,0.000019
FILLER_13_53,VGND,li1,30.5900,48.9600,0.000015
FILLER_13_45,VGND,li1,28.0600,48.9600,0.000012
FILLER_13_35,VGND,li1,21.8500,48.9600,0.000012
FILLER_13_19,VGND,li1,14.4900,48.9600,0.000012
FILLER_13_15,VGND,li1,13.3400,48.9600,0.000012
FILLER_13_3,VGND,li1,9.6600,48.9600,0.000012
FILLER_12_217,VGND,li1,106.0300,43.5200,0.000070
FILLER_12_209,VGND,li1,101.8900,43.5200,0.000068
FILLER_12_197,VGND,li1,98.9000,43.5200,0.000067
FILLER_12_195,VGND,li1,95.4500,43.5200,0.000065
FILLER_12_183,VGND,li1,92.4600,43.5200,0.000064
FILLER_12_170,VGND,li1,84.4100,43.5200,0.000058
FILLER_12_158,VGND,li1,80.9600,43.5200,0.000057
FILLER_12_146,VGND,li1,75.4400,43.5200,0.000054
FILLER_12_137,VGND,li1,69.2300,43.5200,0.000050
FILLER_12_129,VGND,li1,66.7000,43.5200,0.000048
FILLER_12_117,VGND,li1,62.1000,43.5200,0.000045
FILLER_12_85,VGND,li1,47.3800,43.5200,0.000034
FILLER_12_83,VGND,li1,43.9300,43.5200,0.000029
FILLER_12_77,VGND,li1,42.3200,43.5200,0.000029
FILLER_12_58,VGND,li1,33.1200,43.5200,0.000020
FILLER_12_32,VGND,li1,20.7000,43.5200,0.000012
FILLER_12_27,VGND,li1,18.1700,43.5200,0.000012
FILLER_12_23,VGND,li1,16.3300,43.5200,0.000012
FILLER_12_15,VGND,li1,14.2600,43.5200,0.000012
FILLER_12_3,VGND,li1,9.6600,43.5200,0.000012
FILLER_11_221,VGND,li1,107.8700,43.5200,0.000070
FILLER_11_213,VGND,li1,105.3400,43.5200,0.000070
FILLER_11_201,VGND,li1,100.7400,43.5200,0.000068
FILLER_11_189,VGND,li1,95.2200,43.5200,0.000065
FILLER_11_177,VGND,li1,89.7000,43.5200,0.000062
FILLER_11_169,VGND,li1,83.4900,43.5200,0.000058
FILLER_11_160,VGND,li1,80.9600,43.5200,0.000057
FILLER_11_148,VGND,li1,76.3600,43.5200,0.000054
FILLER_11_141,VGND,li1,70.8400,43.5200,0.000050
FILLER_11_133,VGND,li1,66.9300,43.5200,0.000048
FILLER_11_125,VGND,li1,64.8600,43.5200,0.000047
FILLER_11_106,VGND,li1,54.5100,43.5200,0.000039
FILLER_11_100,VGND,li1,52.9000,43.5200,0.000039
FILLER_11_88,VGND,li1,48.7600,43.5200,0.000034
FILLER_11_81,VGND,li1,43.4700,43.5200,0.000029
FILLER_11_73,VGND,li1,40.9400,43.5200,0.000028
FILLER_11_61,VGND,li1,33.8100,43.5200,0.000020
FILLER_11_57,VGND,li1,32.6600,43.5200,0.000020
FILLER_11_55,VGND,li1,31.0500,43.5200,0.000017
FILLER_11_51,VGND,li1,29.9000,43.5200,0.000017
FILLER_11_39,VGND,li1,26.2200,43.5200,0.000012
FILLER_11_27,VGND,li1,20.7000,43.5200,0.000012
FILLER_11_15,VGND,li1,15.1800,43.5200,0.000012
FILLER_11_3,VGND,li1,9.6600,43.5200,0.000012
FILLER_10_219,VGND,li1,106.4900,38.0800,0.000071
FILLER_10_215,VGND,li1,105.3400,38.0800,0.000071
FILLER_10_205,VGND,li1,100.0500,38.0800,0.000069
FILLER_10_193,VGND,li1,94.9900,38.0800,0.000067
FILLER_10_189,VGND,li1,92.6900,38.0800,0.000066
FILLER_10_177,VGND,li1,89.7000,38.0800,0.000064
FILLER_10_165,VGND,li1,84.1800,38.0800,0.000060
FILLER_10_153,VGND,li1,78.6600,38.0800,0.000057
FILLER_10_141,VGND,li1,73.1400,38.0800,0.000054
FILLER_10_116,VGND,li1,60.7200,38.0800,0.000045
FILLER_10_95,VGND,li1,49.4500,38.0800,0.000037
FILLER_10_83,VGND,li1,43.9300,38.0800,0.000032
FILLER_10_79,VGND,li1,42.7800,38.0800,0.000030
FILLER_10_53,VGND,li1,30.3600,38.0800,0.000018
FILLER_10_41,VGND,li1,27.1400,38.0800,0.000015
FILLER_10_29,VGND,li1,21.6200,38.0800,0.000013
FILLER_10_27,VGND,li1,18.1700,38.0800,0.000013
FILLER_10_15,VGND,li1,15.1800,38.0800,0.000013
FILLER_10_3,VGND,li1,9.6600,38.0800,0.000013
FILLER_9_217,VGND,li1,105.5700,38.0800,0.000071
FILLER_9_213,VGND,li1,104.4200,38.0800,0.000070
FILLER_9_205,VGND,li1,100.2800,38.0800,0.000069
FILLER_9_194,VGND,li1,95.2200,38.0800,0.000067
FILLER_9_182,VGND,li1,92.0000,38.0800,0.000066
FILLER_9_177,VGND,li1,87.4000,38.0800,0.000063
FILLER_9_169,VGND,li1,85.1000,38.0800,0.000062
FILLER_9_166,VGND,li1,82.3400,38.0800,0.000059
FILLER_9_149,VGND,li1,74.5200,38.0800,0.000054
FILLER_9_137,VGND,li1,71.3000,38.0800,0.000053
FILLER_9_125,VGND,li1,65.7800,38.0800,0.000049
FILLER_9_113,VGND,li1,60.2600,38.0800,0.000045
FILLER_9_108,VGND,li1,56.1200,38.0800,0.000042
FILLER_9_100,VGND,li1,51.7500,38.0800,0.000038
FILLER_9_92,VGND,li1,49.6800,38.0800,0.000037
FILLER_9_80,VGND,li1,43.2400,38.0800,0.000032
FILLER_9_68,VGND,li1,39.5600,38.0800,0.000028
FILLER_9_61,VGND,li1,33.8100,38.0800,0.000023
FILLER_9_57,VGND,li1,32.6600,38.0800,0.000021
FILLER_9_53,VGND,li1,30.5900,38.0800,0.000018
FILLER_9_27,VGND,li1,19.7800,38.0800,0.000013
FILLER_9_15,VGND,li1,15.1800,38.0800,0.000013
FILLER_9_3,VGND,li1,9.6600,38.0800,0.000013
FILLER_8_212,VGND,li1,105.8000,32.6400,0.000064
FILLER_8_197,VGND,li1,97.9800,32.6400,0.000063
FILLER_8_190,VGND,li1,94.3000,32.6400,0.000062
FILLER_8_178,VGND,li1,87.6300,32.6400,0.000060
FILLER_8_155,VGND,li1,78.6600,32.6400,0.000055
FILLER_8_141,VGND,li1,70.6100,32.6400,0.000050
FILLER_8_139,VGND,li1,69.6900,32.6400,0.000050
FILLER_8_133,VGND,li1,68.0800,32.6400,0.000048
FILLER_8_121,VGND,li1,63.9400,32.6400,0.000046
FILLER_8_97,VGND,li1,51.5200,32.6400,0.000038
FILLER_8_85,VGND,li1,47.3800,32.6400,0.000034
FILLER_8_71,VGND,li1,38.4100,32.6400,0.000025
FILLER_8_63,VGND,li1,36.3400,32.6400,0.000023
FILLER_8_59,VGND,li1,32.8900,32.6400,0.000020
FILLER_8_55,VGND,li1,31.7400,32.6400,0.000018
FILLER_8_45,VGND,li1,26.9100,32.6400,0.000013
FILLER_8_37,VGND,li1,23.0000,32.6400,0.000011
FILLER_8_29,VGND,li1,20.7000,32.6400,0.000011
FILLER_8_27,VGND,li1,18.1700,32.6400,0.000011
FILLER_8_15,VGND,li1,15.1800,32.6400,0.000011
FILLER_8_3,VGND,li1,9.6600,32.6400,0.000011
FILLER_7_220,VGND,li1,107.6400,32.6400,0.000064
FILLER_7_208,VGND,li1,103.9600,32.6400,0.000064
FILLER_7_196,VGND,li1,98.4400,32.6400,0.000063
FILLER_7_184,VGND,li1,92.9200,32.6400,0.000062
FILLER_7_169,VGND,li1,85.1000,32.6400,0.000058
FILLER_7_162,VGND,li1,81.4200,32.6400,0.000057
FILLER_7_150,VGND,li1,77.2800,32.6400,0.000054
FILLER_7_140,VGND,li1,70.1500,32.6400,0.000050
FILLER_7_136,VGND,li1,69.0000,32.6400,0.000050
FILLER_7_130,VGND,li1,65.5500,32.6400,0.000046
FILLER_7_126,VGND,li1,64.4000,32.6400,0.000046
FILLER_7_116,VGND,li1,59.1100,32.6400,0.000043
FILLER_7_98,VGND,li1,50.8300,32.6400,0.000036
FILLER_7_69,VGND,li1,39.1000,32.6400,0.000025
FILLER_7_57,VGND,li1,34.5000,32.6400,0.000020
FILLER_7_55,VGND,li1,31.0500,32.6400,0.000018
FILLER_7_51,VGND,li1,29.9000,32.6400,0.000016
FILLER_7_39,VGND,li1,26.2200,32.6400,0.000011
FILLER_7_27,VGND,li1,20.7000,32.6400,0.000011
FILLER_7_15,VGND,li1,15.1800,32.6400,0.000011
FILLER_7_3,VGND,li1,9.6600,32.6400,0.000011
FILLER_6_221,VGND,li1,107.8700,27.2000,0.000038
FILLER_6_209,VGND,li1,104.4200,27.2000,0.000038
FILLER_6_197,VGND,li1,98.9000,27.2000,0.000038
FILLER_6_194,VGND,li1,95.2200,27.2000,0.000038
FILLER_6_183,VGND,li1,90.6200,27.2000,0.000038
FILLER_6_171,VGND,li1,86.9400,27.2000,0.000037
FILLER_6_159,VGND,li1,81.4200,27.2000,0.000035
FILLER_6_147,VGND,li1,75.9000,27.2000,0.000033
FILLER_6_141,VGND,li1,70.6100,27.2000,0.000031
FILLER_6_139,VGND,li1,69.6900,27.2000,0.000030
FILLER_6_135,VGND,li1,68.5400,27.2000,0.000030
FILLER_6_123,VGND,li1,64.8600,27.2000,0.000028
FILLER_6_97,VGND,li1,51.0600,27.2000,0.000023
FILLER_6_85,VGND,li1,47.3800,27.2000,0.000021
FILLER_6_81,VGND,li1,43.4700,27.2000,0.000019
FILLER_6_65,VGND,li1,35.8800,27.2000,0.000013
FILLER_6_53,VGND,li1,32.6600,27.2000,0.000012
FILLER_6_41,VGND,li1,27.1400,27.2000,0.000008
FILLER_6_29,VGND,li1,21.6200,27.2000,0.000007
FILLER_6_27,VGND,li1,18.1700,27.2000,0.000007
FILLER_6_15,VGND,li1,15.1800,27.2000,0.000007
FILLER_6_3,VGND,li1,9.6600,27.2000,0.000007
FILLER_5_223,VGND,li1,108.3300,27.2000,0.000038
FILLER_5_215,VGND,li1,106.2600,27.2000,0.000038
FILLER_5_203,VGND,li1,101.6600,27.2000,0.000038
FILLER_5_191,VGND,li1,96.1400,27.2000,0.000038
FILLER_5_179,VGND,li1,90.6200,27.2000,0.000038
FILLER_5_169,VGND,li1,83.9500,27.2000,0.000036
FILLER_5_164,VGND,li1,81.8800,27.2000,0.000035
FILLER_5_150,VGND,li1,74.9800,27.2000,0.000033
FILLER_5_142,VGND,li1,72.6800,27.2000,0.000032
FILLER_5_130,VGND,li1,68.0800,27.2000,0.000030
FILLER_5_125,VGND,li1,63.4800,27.2000,0.000028
FILLER_5_113,VGND,li1,60.2600,27.2000,0.000027
FILLER_5_104,VGND,li1,55.2000,27.2000,0.000025
FILLER_5_92,VGND,li1,50.6000,27.2000,0.000023
FILLER_5_80,VGND,li1,45.0800,27.2000,0.000019
FILLER_5_69,VGND,li1,38.1800,27.2000,0.000015
FILLER_5_57,VGND,li1,34.5000,27.2000,0.000013
FILLER_5_55,VGND,li1,31.0500,27.2000,0.000010
FILLER_5_51,VGND,li1,29.9000,27.2000,0.000010
FILLER_5_39,VGND,li1,26.2200,27.2000,0.000007
FILLER_5_27,VGND,li1,20.7000,27.2000,0.000007
FILLER_5_15,VGND,li1,15.1800,27.2000,0.000007
FILLER_5_3,VGND,li1,9.6600,27.2000,0.000007
FILLER_4_221,VGND,li1,107.8700,21.7600,0.000012
FILLER_4_209,VGND,li1,104.4200,21.7600,0.000012
FILLER_4_197,VGND,li1,98.9000,21.7600,0.000012
FILLER_4_190,VGND,li1,94.3000,21.7600,0.000012
FILLER_4_178,VGND,li1,90.1600,21.7600,0.000012
FILLER_4_166,VGND,li1,84.6400,21.7600,0.000012
FILLER_4_153,VGND,li1,76.5900,21.7600,0.000011
FILLER_4_141,VGND,li1,71.7600,21.7600,0.000011
FILLER_4_134,VGND,li1,68.5400,21.7600,0.000010
FILLER_4_121,VGND,li1,61.8700,21.7600,0.000009
FILLER_4_109,VGND,li1,58.4200,21.7600,0.000008
FILLER_4_97,VGND,li1,52.9000,21.7600,0.000007
FILLER_4_85,VGND,li1,47.3800,21.7600,0.000006
FILLER_4_83,VGND,li1,43.9300,21.7600,0.000005
FILLER_4_77,VGND,li1,42.3200,21.7600,0.000005
FILLER_4_65,VGND,li1,38.1800,21.7600,0.000005
FILLER_4_53,VGND,li1,32.6600,21.7600,0.000003
FILLER_4_41,VGND,li1,27.1400,21.7600,0.000002
FILLER_4_29,VGND,li1,21.6200,21.7600,0.000002
FILLER_4_27,VGND,li1,18.1700,21.7600,0.000002
FILLER_4_15,VGND,li1,15.1800,21.7600,0.000002
FILLER_4_3,VGND,li1,9.6600,21.7600,0.000002
FILLER_3_223,VGND,li1,108.3300,21.7600,0.000012
FILLER_3_217,VGND,li1,106.7200,21.7600,0.000012
FILLER_3_205,VGND,li1,102.5800,21.7600,0.000012
FILLER_3_193,VGND,li1,97.0600,21.7600,0.000012
FILLER_3_181,VGND,li1,91.5400,21.7600,0.000012
FILLER_3_169,VGND,li1,86.0200,21.7600,0.000012
FILLER_3_166,VGND,li1,82.3400,21.7600,0.000012
FILLER_3_158,VGND,li1,80.0400,21.7600,0.000012
FILLER_3_151,VGND,li1,75.2100,21.7600,0.000011
FILLER_3_139,VGND,li1,72.2200,21.7600,0.000011
FILLER_3_131,VGND,li1,66.0100,21.7600,0.000010
FILLER_3_125,VGND,li1,64.4000,21.7600,0.000010
FILLER_3_113,VGND,li1,60.2600,21.7600,0.000009
FILLER_3_111,VGND,li1,56.8100,21.7600,0.000008
FILLER_3_105,VGND,li1,55.2000,21.7600,0.000008
FILLER_3_93,VGND,li1,51.0600,21.7600,0.000007
FILLER_3_81,VGND,li1,45.5400,21.7600,0.000006
FILLER_3_69,VGND,li1,40.0200,21.7600,0.000005
FILLER_3_57,VGND,li1,34.5000,21.7600,0.000004
FILLER_3_55,VGND,li1,31.0500,21.7600,0.000003
FILLER_3_51,VGND,li1,29.9000,21.7600,0.000003
FILLER_3_39,VGND,li1,26.2200,21.7600,0.000002
FILLER_3_27,VGND,li1,20.7000,21.7600,0.000002
FILLER_3_15,VGND,li1,15.1800,21.7600,0.000002
FILLER_3_3,VGND,li1,9.6600,21.7600,0.000002
FILLER_2_221,VGND,li1,107.8700,16.3200,0.000000
FILLER_2_209,VGND,li1,104.4200,16.3200,0.000000
FILLER_2_197,VGND,li1,98.9000,16.3200,0.000000
FILLER_2_195,VGND,li1,95.4500,16.3200,0.000000
FILLER_2_189,VGND,li1,93.8400,16.3200,0.000000
FILLER_2_177,VGND,li1,89.7000,16.3200,0.000000
FILLER_2_165,VGND,li1,84.1800,16.3200,0.000000
FILLER_2_153,VGND,li1,78.6600,16.3200,0.000000
FILLER_2_141,VGND,li1,73.1400,16.3200,0.000000
FILLER_2_136,VGND,li1,69.0000,16.3200,0.000000
FILLER_2_121,VGND,li1,63.9400,16.3200,0.000000
FILLER_2_109,VGND,li1,58.4200,16.3200,0.000000
FILLER_2_97,VGND,li1,52.9000,16.3200,0.000000
FILLER_2_85,VGND,li1,47.3800,16.3200,0.000000
FILLER_2_83,VGND,li1,43.9300,16.3200,0.000000
FILLER_2_77,VGND,li1,42.3200,16.3200,0.000000
FILLER_2_65,VGND,li1,38.1800,16.3200,0.000000
FILLER_2_53,VGND,li1,32.6600,16.3200,0.000000
FILLER_2_41,VGND,li1,27.1400,16.3200,0.000000
FILLER_2_29,VGND,li1,21.6200,16.3200,0.000000
FILLER_2_27,VGND,li1,18.1700,16.3200,0.000000
FILLER_2_15,VGND,li1,15.1800,16.3200,0.000000
FILLER_2_3,VGND,li1,9.6600,16.3200,0.000000
FILLER_1_223,VGND,li1,108.3300,16.3200,0.000000
FILLER_1_217,VGND,li1,106.7200,16.3200,0.000000
FILLER_1_205,VGND,li1,102.5800,16.3200,0.000000
FILLER_1_193,VGND,li1,97.0600,16.3200,0.000000
FILLER_1_181,VGND,li1,91.5400,16.3200,0.000000
FILLER_1_169,VGND,li1,86.0200,16.3200,0.000000
FILLER_1_167,VGND,li1,82.5700,16.3200,0.000000
FILLER_1_161,VGND,li1,80.9600,16.3200,0.000000
FILLER_1_149,VGND,li1,76.8200,16.3200,0.000000
FILLER_1_137,VGND,li1,71.3000,16.3200,0.000000
FILLER_1_125,VGND,li1,65.7800,16.3200,0.000000
FILLER_1_113,VGND,li1,60.2600,16.3200,0.000000
FILLER_1_111,VGND,li1,56.8100,16.3200,0.000000
FILLER_1_105,VGND,li1,55.2000,16.3200,0.000000
FILLER_1_93,VGND,li1,51.0600,16.3200,0.000000
FILLER_1_81,VGND,li1,45.5400,16.3200,0.000000
FILLER_1_69,VGND,li1,40.0200,16.3200,0.000000
FILLER_1_57,VGND,li1,34.5000,16.3200,0.000000
FILLER_1_55,VGND,li1,31.0500,16.3200,0.000000
FILLER_1_51,VGND,li1,29.9000,16.3200,0.000000
FILLER_1_39,VGND,li1,26.2200,16.3200,0.000000
FILLER_1_27,VGND,li1,20.7000,16.3200,0.000000
FILLER_1_15,VGND,li1,15.1800,16.3200,0.000000
FILLER_1_3,VGND,li1,9.6600,16.3200,0.000000
FILLER_0_221,VGND,li1,107.8700,10.8800,0.000007
FILLER_0_209,VGND,li1,104.4200,10.8800,0.000007
FILLER_0_197,VGND,li1,98.9000,10.8800,0.000007
FILLER_0_193,VGND,li1,94.9900,10.8800,0.000007
FILLER_0_181,VGND,li1,91.5400,10.8800,0.000007
FILLER_0_169,VGND,li1,86.0200,10.8800,0.000007
FILLER_0_165,VGND,li1,82.1100,10.8800,0.000007
FILLER_0_153,VGND,li1,78.6600,10.8800,0.000007
FILLER_0_141,VGND,li1,73.1400,10.8800,0.000007
FILLER_0_137,VGND,li1,69.2300,10.8800,0.000007
FILLER_0_125,VGND,li1,65.7800,10.8800,0.000007
FILLER_0_113,VGND,li1,60.2600,10.8800,0.000007
FILLER_0_110,VGND,li1,56.5800,10.8800,0.000007
FILLER_0_98,VGND,li1,53.3600,10.8800,0.000007
FILLER_0_83,VGND,li1,43.9300,10.8800,0.000006
FILLER_0_77,VGND,li1,42.3200,10.8800,0.000006
FILLER_0_69,VGND,li1,38.1800,10.8800,0.000005
FILLER_0_57,VGND,li1,34.5000,10.8800,0.000005
FILLER_0_55,VGND,li1,31.0500,10.8800,0.000004
FILLER_0_49,VGND,li1,29.4400,10.8800,0.000004
FILLER_0_41,VGND,li1,25.3000,10.8800,0.000003
FILLER_0_29,VGND,li1,21.6200,10.8800,0.000003
FILLER_0_27,VGND,li1,18.1700,10.8800,0.000003
FILLER_0_15,VGND,li1,15.1800,10.8800,0.000003
FILLER_0_3,VGND,li1,9.6600,10.8800,0.000003
rebuffer34,VGND,li1,65.0900,87.0400,0.000017
rebuffer33,VGND,li1,20.4700,97.9200,0.000009
rebuffer32,VGND,li1,27.3700,48.9600,0.000012
rebuffer31,VGND,li1,63.7100,59.8400,0.000041
rebuffer30,VGND,li1,68.3100,70.7200,0.000039
rebuffer29,VGND,li1,68.3100,76.1600,0.000026
rebuffer28,VGND,li1,66.0100,65.2800,0.000030
rebuffer27,VGND,li1,16.7900,108.8000,0.000015
rebuffer26,VGND,li1,30.1300,65.2800,0.000016
rebuffer25,VGND,li1,33.3500,59.8400,0.000019
rebuffer24,VGND,li1,33.3500,76.1600,0.000015
rebuffer23,VGND,li1,90.8500,48.9600,0.000049
rebuffer22,VGND,li1,93.1500,97.9200,0.000033
rebuffer21,VGND,li1,89.4700,92.4800,0.000047
rebuffer20,VGND,li1,92.6900,81.6000,0.000053
rebuffer19,VGND,li1,66.4700,81.6000,0.000043
rebuffer18,VGND,li1,13.5700,76.1600,0.000011
rebuffer17,VGND,li1,60.0300,54.4000,0.000033
rebuffer16,VGND,li1,66.4700,54.4000,0.000036
rebuffer15,VGND,li1,61.8700,48.9600,0.000035
rebuffer14,VGND,li1,38.4100,54.4000,0.000020
rebuffer13,VGND,li1,27.8300,70.7200,0.000013
rebuffer12,VGND,li1,10.3500,70.7200,0.000012
rebuffer11,VGND,li1,8.9700,114.2400,0.000009
rebuffer10,VGND,li1,89.7000,108.8000,0.000049
rebuffer9,VGND,li1,12.1900,114.2400,0.000009
rebuffer8,VGND,li1,61.1800,70.7200,0.000036
rebuffer7,VGND,li1,19.5500,43.5200,0.000012
rebuffer6,VGND,li1,61.4100,65.2800,0.000029
rebuffer5,VGND,li1,62.1000,59.8400,0.000039
rebuffer4,VGND,li1,60.4900,76.1600,0.000025
rebuffer3,VGND,li1,63.2500,81.6000,0.000041
rebuffer2,VGND,li1,65.0900,70.7200,0.000038
clone1,VGND,li1,34.7300,92.4800,0.000021
fanout40,VGND,li1,39.1000,38.0800,0.000028
fanout39,VGND,li1,56.1200,27.2000,0.000025
fanout38,VGND,li1,54.2800,70.7200,0.000034
fanout37,VGND,li1,35.4200,38.0800,0.000023
fanout36,VGND,li1,15.6400,87.0400,0.000010
fanout35,VGND,li1,10.5800,103.3600,0.000017
fanout34,VGND,li1,12.8800,108.8000,0.000016
fanout33,VGND,li1,11.5000,108.8000,0.000016
fanout32,VGND,li1,99.3600,54.4000,0.000049
fanout31,VGND,li1,94.7600,54.4000,0.000048
fanout30,VGND,li1,75.4400,59.8400,0.000047
fanout29,VGND,li1,49.2200,32.6400,0.000036
output28,VGND,li1,107.8700,97.9200,0.000034
output27,VGND,li1,107.8700,97.9200,0.000034
output26,VGND,li1,83.9500,114.2400,0.000032
output25,VGND,li1,53.1300,114.2400,0.000025
output24,VGND,li1,55.8900,114.2400,0.000026
output23,VGND,li1,50.8300,108.8000,0.000033
output22,VGND,li1,65.5500,114.2400,0.000029
output21,VGND,li1,66.9300,114.2400,0.000029
input20,VGND,li1,47.1500,114.2400,0.000022
input19,VGND,li1,8.9700,103.3600,0.000017
input18,VGND,li1,9.6600,97.9200,0.000010
input17,VGND,li1,8.2800,92.4800,0.000018
input16,VGND,li1,7.8200,81.6000,0.000021
input15,VGND,li1,27.1400,10.8800,0.000003
input14,VGND,li1,49.9100,10.8800,0.000007
input13,VGND,li1,40.0200,10.8800,0.000006
input12,VGND,li1,79.1200,114.2400,0.000032
input11,VGND,li1,51.0600,114.2400,0.000024
input10,VGND,li1,46.0000,10.8800,0.000006
input9,VGND,li1,48.3000,10.8800,0.000007
input8,VGND,li1,107.1800,38.0800,0.000071
input7,VGND,li1,107.6400,38.0800,0.000071
input6,VGND,li1,107.6400,43.5200,0.000070
input5,VGND,li1,107.6400,48.9600,0.000053
input4,VGND,li1,75.9000,114.2400,0.000032
input3,VGND,li1,81.4200,114.2400,0.000032
input2,VGND,li1,60.7200,114.2400,0.000028
input1,VGND,li1,72.6800,114.2400,0.000031
TAP_TAPCELL_ROW_37_215,VGND,li1,95.9100,113.9480,0.000033
TAP_TAPCELL_ROW_37_214,VGND,li1,83.0300,113.9480,0.000032
TAP_TAPCELL_ROW_37_213,VGND,li1,70.1500,113.9480,0.000030
TAP_TAPCELL_ROW_37_212,VGND,li1,57.2700,113.9480,0.000026
TAP_TAPCELL_ROW_37_211,VGND,li1,44.3900,113.9480,0.000020
TAP_TAPCELL_ROW_37_210,VGND,li1,31.5100,113.9480,0.000011
TAP_TAPCELL_ROW_37_209,VGND,li1,18.6300,113.9480,0.000009
TAP_TAPCELL_ROW_36_208,VGND,li1,95.9100,109.0910,0.000050
TAP_TAPCELL_ROW_36_207,VGND,li1,70.1500,109.0910,0.000043
TAP_TAPCELL_ROW_36_206,VGND,li1,44.3900,109.0910,0.000028
TAP_TAPCELL_ROW_36_205,VGND,li1,18.6300,109.0910,0.000015
TAP_TAPCELL_ROW_35_204,VGND,li1,83.0300,108.5080,0.000048
TAP_TAPCELL_ROW_35_203,VGND,li1,57.2700,108.5080,0.000037
TAP_TAPCELL_ROW_35_202,VGND,li1,31.5100,108.5080,0.000017
TAP_TAPCELL_ROW_34_201,VGND,li1,95.9100,103.6510,0.000031
TAP_TAPCELL_ROW_34_200,VGND,li1,70.1500,103.6510,0.000029
TAP_TAPCELL_ROW_34_199,VGND,li1,44.3900,103.6510,0.000020
TAP_TAPCELL_ROW_34_198,VGND,li1,18.6300,103.6510,0.000014
TAP_TAPCELL_ROW_33_197,VGND,li1,83.0300,103.0680,0.000030
TAP_TAPCELL_ROW_33_196,VGND,li1,57.2700,103.0680,0.000025
TAP_TAPCELL_ROW_33_195,VGND,li1,31.5100,103.0680,0.000015
TAP_TAPCELL_ROW_32_194,VGND,li1,95.9100,98.2110,0.000033
TAP_TAPCELL_ROW_32_193,VGND,li1,70.1500,98.2110,0.000027
TAP_TAPCELL_ROW_32_192,VGND,li1,44.3900,98.2110,0.000017
TAP_TAPCELL_ROW_32_191,VGND,li1,18.6300,98.2110,0.000010
TAP_TAPCELL_ROW_31_190,VGND,li1,83.0300,97.6280,0.000031
TAP_TAPCELL_ROW_31_189,VGND,li1,57.2700,97.6280,0.000022
TAP_TAPCELL_ROW_31_188,VGND,li1,31.5100,97.6280,0.000012
TAP_TAPCELL_ROW_30_187,VGND,li1,95.9100,92.7710,0.000048
TAP_TAPCELL_ROW_30_186,VGND,li1,70.1500,92.7710,0.000041
TAP_TAPCELL_ROW_30_185,VGND,li1,44.3900,92.7710,0.000028
TAP_TAPCELL_ROW_30_184,VGND,li1,18.6300,92.7710,0.000016
TAP_TAPCELL_ROW_29_183,VGND,li1,83.0300,92.1880,0.000045
TAP_TAPCELL_ROW_29_182,VGND,li1,57.2700,92.1880,0.000036
TAP_TAPCELL_ROW_29_181,VGND,li1,31.5100,92.1880,0.000019
TAP_TAPCELL_ROW_28_180,VGND,li1,95.9100,87.3310,0.000021
TAP_TAPCELL_ROW_28_179,VGND,li1,70.1500,87.3310,0.000018
TAP_TAPCELL_ROW_28_178,VGND,li1,44.3900,87.3310,0.000013
TAP_TAPCELL_ROW_28_177,VGND,li1,18.6300,87.3310,0.000009
TAP_TAPCELL_ROW_27_176,VGND,li1,83.0300,86.7480,0.000019
TAP_TAPCELL_ROW_27_175,VGND,li1,57.2700,86.7480,0.000016
TAP_TAPCELL_ROW_27_174,VGND,li1,31.5100,86.7480,0.000009
TAP_TAPCELL_ROW_26_173,VGND,li1,95.9100,81.8910,0.000054
TAP_TAPCELL_ROW_26_172,VGND,li1,70.1500,81.8910,0.000044
TAP_TAPCELL_ROW_26_171,VGND,li1,44.3900,81.8910,0.000030
TAP_TAPCELL_ROW_26_170,VGND,li1,18.6300,81.8910,0.000019
TAP_TAPCELL_ROW_25_169,VGND,li1,83.0300,81.3080,0.000049
TAP_TAPCELL_ROW_25_168,VGND,li1,57.2700,81.3080,0.000037
TAP_TAPCELL_ROW_25_167,VGND,li1,31.5100,81.3080,0.000020
TAP_TAPCELL_ROW_24_166,VGND,li1,95.9100,76.4510,0.000032
TAP_TAPCELL_ROW_24_165,VGND,li1,70.1500,76.4510,0.000027
TAP_TAPCELL_ROW_24_164,VGND,li1,44.3900,76.4510,0.000019
TAP_TAPCELL_ROW_24_163,VGND,li1,18.6300,76.4510,0.000010
TAP_TAPCELL_ROW_23_162,VGND,li1,83.0300,75.8680,0.000030
TAP_TAPCELL_ROW_23_161,VGND,li1,57.2700,75.8680,0.000024
TAP_TAPCELL_ROW_23_160,VGND,li1,31.5100,75.8680,0.000013
TAP_TAPCELL_ROW_22_159,VGND,li1,95.9100,71.0110,0.000047
TAP_TAPCELL_ROW_22_158,VGND,li1,70.1500,71.0110,0.000040
TAP_TAPCELL_ROW_22_157,VGND,li1,44.3900,71.0110,0.000026
TAP_TAPCELL_ROW_22_156,VGND,li1,18.6300,71.0110,0.000011
TAP_TAPCELL_ROW_21_155,VGND,li1,83.0300,70.4280,0.000044
TAP_TAPCELL_ROW_21_154,VGND,li1,57.2700,70.4280,0.000035
TAP_TAPCELL_ROW_21_153,VGND,li1,31.5100,70.4280,0.000016
TAP_TAPCELL_ROW_20_152,VGND,li1,95.9100,65.5710,0.000036
TAP_TAPCELL_ROW_20_151,VGND,li1,70.1500,65.5710,0.000031
TAP_TAPCELL_ROW_20_150,VGND,li1,44.3900,65.5710,0.000023
TAP_TAPCELL_ROW_20_149,VGND,li1,18.6300,65.5710,0.000014
TAP_TAPCELL_ROW_19_148,VGND,li1,83.0300,64.9880,0.000034
TAP_TAPCELL_ROW_19_147,VGND,li1,57.2700,64.9880,0.000028
TAP_TAPCELL_ROW_19_146,VGND,li1,31.5100,64.9880,0.000016
TAP_TAPCELL_ROW_18_145,VGND,li1,95.9100,60.1310,0.000054
TAP_TAPCELL_ROW_18_144,VGND,li1,70.1500,60.1310,0.000044
TAP_TAPCELL_ROW_18_143,VGND,li1,44.3900,60.1310,0.000027
TAP_TAPCELL_ROW_18_142,VGND,li1,18.6300,60.1310,0.000012
TAP_TAPCELL_ROW_17_141,VGND,li1,83.0300,59.5480,0.000050
TAP_TAPCELL_ROW_17_140,VGND,li1,57.2700,59.5480,0.000036
TAP_TAPCELL_ROW_17_139,VGND,li1,31.5100,59.5480,0.000017
TAP_TAPCELL_ROW_16_138,VGND,li1,95.9100,54.6910,0.000048
TAP_TAPCELL_ROW_16_137,VGND,li1,70.1500,54.6910,0.000038
TAP_TAPCELL_ROW_16_136,VGND,li1,44.3900,54.6910,0.000023
TAP_TAPCELL_ROW_16_135,VGND,li1,18.6300,54.6910,0.000011
TAP_TAPCELL_ROW_15_134,VGND,li1,83.0300,54.1080,0.000043
TAP_TAPCELL_ROW_15_133,VGND,li1,57.2700,54.1080,0.000030
TAP_TAPCELL_ROW_15_132,VGND,li1,31.5100,54.1080,0.000014
TAP_TAPCELL_ROW_14_131,VGND,li1,95.9100,49.2510,0.000050
TAP_TAPCELL_ROW_14_130,VGND,li1,70.1500,49.2510,0.000039
TAP_TAPCELL_ROW_14_129,VGND,li1,44.3900,49.2510,0.000024
TAP_TAPCELL_ROW_14_128,VGND,li1,18.6300,49.2510,0.000012
TAP_TAPCELL_ROW_13_127,VGND,li1,83.0300,48.6680,0.000045
TAP_TAPCELL_ROW_13_126,VGND,li1,57.2700,48.6680,0.000033
TAP_TAPCELL_ROW_13_125,VGND,li1,31.5100,48.6680,0.000015
TAP_TAPCELL_ROW_12_124,VGND,li1,95.9100,43.8110,0.000065
TAP_TAPCELL_ROW_12_123,VGND,li1,70.1500,43.8110,0.000050
TAP_TAPCELL_ROW_12_122,VGND,li1,44.3900,43.8110,0.000031
TAP_TAPCELL_ROW_12_121,VGND,li1,18.6300,43.8110,0.000012
TAP_TAPCELL_ROW_11_120,VGND,li1,83.0300,43.2280,0.000058
TAP_TAPCELL_ROW_11_119,VGND,li1,57.2700,43.2280,0.000041
TAP_TAPCELL_ROW_11_118,VGND,li1,31.5100,43.2280,0.000017
TAP_TAPCELL_ROW_10_117,VGND,li1,95.9100,38.3710,0.000067
TAP_TAPCELL_ROW_10_116,VGND,li1,70.1500,38.3710,0.000051
TAP_TAPCELL_ROW_10_115,VGND,li1,44.3900,38.3710,0.000032
TAP_TAPCELL_ROW_10_114,VGND,li1,18.6300,38.3710,0.000013
TAP_TAPCELL_ROW_9_113,VGND,li1,83.0300,37.7880,0.000060
TAP_TAPCELL_ROW_9_112,VGND,li1,57.2700,37.7880,0.000042
TAP_TAPCELL_ROW_9_111,VGND,li1,31.5100,37.7880,0.000021
TAP_TAPCELL_ROW_8_110,VGND,li1,95.9100,32.9310,0.000062
TAP_TAPCELL_ROW_8_109,VGND,li1,70.1500,32.9310,0.000050
TAP_TAPCELL_ROW_8_108,VGND,li1,44.3900,32.9310,0.000031
TAP_TAPCELL_ROW_8_107,VGND,li1,18.6300,32.9310,0.000011
TAP_TAPCELL_ROW_7_106,VGND,li1,83.0300,32.3480,0.000057
TAP_TAPCELL_ROW_7_105,VGND,li1,57.2700,32.3480,0.000042
TAP_TAPCELL_ROW_7_104,VGND,li1,31.5100,32.3480,0.000018
TAP_TAPCELL_ROW_6_103,VGND,li1,95.9100,27.4910,0.000038
TAP_TAPCELL_ROW_6_102,VGND,li1,70.1500,27.4910,0.000031
TAP_TAPCELL_ROW_6_101,VGND,li1,44.3900,27.4910,0.000019
TAP_TAPCELL_ROW_6_100,VGND,li1,18.6300,27.4910,0.000007
TAP_TAPCELL_ROW_5_99,VGND,li1,83.0300,26.9080,0.000035
TAP_TAPCELL_ROW_5_98,VGND,li1,57.2700,26.9080,0.000026
TAP_TAPCELL_ROW_5_97,VGND,li1,31.5100,26.9080,0.000010
TAP_TAPCELL_ROW_4_96,VGND,li1,95.9100,22.0510,0.000012
TAP_TAPCELL_ROW_4_95,VGND,li1,70.1500,22.0510,0.000011
TAP_TAPCELL_ROW_4_94,VGND,li1,44.3900,22.0510,0.000006
TAP_TAPCELL_ROW_4_93,VGND,li1,18.6300,22.0510,0.000002
TAP_TAPCELL_ROW_3_92,VGND,li1,83.0300,21.4680,0.000012
TAP_TAPCELL_ROW_3_91,VGND,li1,57.2700,21.4680,0.000008
TAP_TAPCELL_ROW_3_90,VGND,li1,31.5100,21.4680,0.000003
TAP_TAPCELL_ROW_2_89,VGND,li1,95.9100,16.6110,0.000000
TAP_TAPCELL_ROW_2_88,VGND,li1,70.1500,16.6110,0.000000
TAP_TAPCELL_ROW_2_87,VGND,li1,44.3900,16.6110,0.000000
TAP_TAPCELL_ROW_2_86,VGND,li1,18.6300,16.6110,0.000000
TAP_TAPCELL_ROW_1_85,VGND,li1,83.0300,16.0280,0.000000
TAP_TAPCELL_ROW_1_84,VGND,li1,57.2700,16.0280,0.000000
TAP_TAPCELL_ROW_1_83,VGND,li1,31.5100,16.0280,0.000000
TAP_TAPCELL_ROW_0_82,VGND,li1,95.9100,11.1710,0.000007
TAP_TAPCELL_ROW_0_81,VGND,li1,83.0300,11.1710,0.000007
TAP_TAPCELL_ROW_0_80,VGND,li1,70.1500,11.1710,0.000007
TAP_TAPCELL_ROW_0_79,VGND,li1,57.2700,11.1710,0.000007
TAP_TAPCELL_ROW_0_78,VGND,li1,44.3900,11.1710,0.000006
TAP_TAPCELL_ROW_0_77,VGND,li1,31.5100,11.1710,0.000004
TAP_TAPCELL_ROW_0_76,VGND,li1,18.6300,11.1710,0.000003
PHY_EDGE_ROW_37_Left_75,VGND,li1,6.2100,114.2400,0.000009
PHY_EDGE_ROW_36_Left_74,VGND,li1,6.2100,108.8000,0.000016
PHY_EDGE_ROW_35_Left_73,VGND,li1,6.2100,108.8000,0.000016
PHY_EDGE_ROW_34_Left_72,VGND,li1,6.2100,103.3600,0.000017
PHY_EDGE_ROW_33_Left_71,VGND,li1,6.2100,103.3600,0.000017
PHY_EDGE_ROW_32_Left_70,VGND,li1,6.2100,97.9200,0.000010
PHY_EDGE_ROW_31_Left_69,VGND,li1,6.2100,97.9200,0.000010
PHY_EDGE_ROW_30_Left_68,VGND,li1,6.2100,92.4800,0.000018
PHY_EDGE_ROW_29_Left_67,VGND,li1,6.2100,92.4800,0.000018
PHY_EDGE_ROW_28_Left_66,VGND,li1,6.2100,87.0400,0.000010
PHY_EDGE_ROW_27_Left_65,VGND,li1,6.2100,87.0400,0.000010
PHY_EDGE_ROW_26_Left_64,VGND,li1,6.2100,81.6000,0.000021
PHY_EDGE_ROW_25_Left_63,VGND,li1,6.2100,81.6000,0.000021
PHY_EDGE_ROW_24_Left_62,VGND,li1,6.2100,76.1600,0.000011
PHY_EDGE_ROW_23_Left_61,VGND,li1,6.2100,76.1600,0.000011
PHY_EDGE_ROW_22_Left_60,VGND,li1,6.2100,70.7200,0.000012
PHY_EDGE_ROW_21_Left_59,VGND,li1,6.2100,70.7200,0.000012
PHY_EDGE_ROW_20_Left_58,VGND,li1,6.2100,65.2800,0.000015
PHY_EDGE_ROW_19_Left_57,VGND,li1,6.2100,65.2800,0.000015
PHY_EDGE_ROW_18_Left_56,VGND,li1,6.2100,59.8400,0.000013
PHY_EDGE_ROW_17_Left_55,VGND,li1,6.2100,59.8400,0.000013
PHY_EDGE_ROW_16_Left_54,VGND,li1,6.2100,54.4000,0.000012
PHY_EDGE_ROW_15_Left_53,VGND,li1,6.2100,54.4000,0.000012
PHY_EDGE_ROW_14_Left_52,VGND,li1,6.2100,48.9600,0.000012
PHY_EDGE_ROW_13_Left_51,VGND,li1,6.2100,48.9600,0.000012
PHY_EDGE_ROW_12_Left_50,VGND,li1,6.2100,43.5200,0.000012
PHY_EDGE_ROW_11_Left_49,VGND,li1,6.2100,43.5200,0.000012
PHY_EDGE_ROW_10_Left_48,VGND,li1,6.2100,38.0800,0.000013
PHY_EDGE_ROW_9_Left_47,VGND,li1,6.2100,38.0800,0.000013
PHY_EDGE_ROW_8_Left_46,VGND,li1,6.2100,32.6400,0.000011
PHY_EDGE_ROW_7_Left_45,VGND,li1,6.2100,32.6400,0.000011
PHY_EDGE_ROW_6_Left_44,VGND,li1,6.2100,27.2000,0.000007
PHY_EDGE_ROW_5_Left_43,VGND,li1,6.2100,27.2000,0.000007
PHY_EDGE_ROW_4_Left_42,VGND,li1,6.2100,21.7600,0.000002
PHY_EDGE_ROW_3_Left_41,VGND,li1,6.2100,21.7600,0.000002
PHY_EDGE_ROW_2_Left_40,VGND,li1,6.2100,16.3200,0.000000
PHY_EDGE_ROW_1_Left_39,VGND,li1,6.2100,16.3200,0.000000
PHY_EDGE_ROW_0_Left_38,VGND,li1,6.2100,10.8800,0.000003
PHY_EDGE_ROW_37_Right_37,VGND,li1,109.2500,114.2400,0.000033
PHY_EDGE_ROW_36_Right_36,VGND,li1,109.2500,108.8000,0.000051
PHY_EDGE_ROW_35_Right_35,VGND,li1,109.2500,108.8000,0.000051
PHY_EDGE_ROW_34_Right_34,VGND,li1,109.2500,103.3600,0.000032
PHY_EDGE_ROW_33_Right_33,VGND,li1,109.2500,103.3600,0.000032
PHY_EDGE_ROW_32_Right_32,VGND,li1,109.2500,97.9200,0.000034
PHY_EDGE_ROW_31_Right_31,VGND,li1,109.2500,97.9200,0.000034
PHY_EDGE_ROW_30_Right_30,VGND,li1,109.2500,92.4800,0.000050
PHY_EDGE_ROW_29_Right_29,VGND,li1,109.2500,92.4800,0.000050
PHY_EDGE_ROW_28_Right_28,VGND,li1,109.2500,87.0400,0.000021
PHY_EDGE_ROW_27_Right_27,VGND,li1,109.2500,87.0400,0.000021
PHY_EDGE_ROW_26_Right_26,VGND,li1,109.2500,81.6000,0.000056
PHY_EDGE_ROW_25_Right_25,VGND,li1,109.2500,81.6000,0.000056
PHY_EDGE_ROW_24_Right_24,VGND,li1,109.2500,76.1600,0.000034
PHY_EDGE_ROW_23_Right_23,VGND,li1,109.2500,76.1600,0.000034
PHY_EDGE_ROW_22_Right_22,VGND,li1,109.2500,70.7200,0.000047
PHY_EDGE_ROW_21_Right_21,VGND,li1,109.2500,70.7200,0.000047
PHY_EDGE_ROW_20_Right_20,VGND,li1,109.2500,65.2800,0.000037
PHY_EDGE_ROW_19_Right_19,VGND,li1,109.2500,65.2800,0.000037
PHY_EDGE_ROW_18_Right_18,VGND,li1,109.2500,59.8400,0.000055
PHY_EDGE_ROW_17_Right_17,VGND,li1,109.2500,59.8400,0.000055
PHY_EDGE_ROW_16_Right_16,VGND,li1,109.2500,54.4000,0.000050
PHY_EDGE_ROW_15_Right_15,VGND,li1,109.2500,54.4000,0.000050
PHY_EDGE_ROW_14_Right_14,VGND,li1,109.2500,48.9600,0.000053
PHY_EDGE_ROW_13_Right_13,VGND,li1,109.2500,48.9600,0.000053
PHY_EDGE_ROW_12_Right_12,VGND,li1,109.2500,43.5200,0.000070
PHY_EDGE_ROW_11_Right_11,VGND,li1,109.2500,43.5200,0.000070
PHY_EDGE_ROW_10_Right_10,VGND,li1,109.2500,38.0800,0.000071
PHY_EDGE_ROW_9_Right_9,VGND,li1,109.2500,38.0800,0.000071
PHY_EDGE_ROW_8_Right_8,VGND,li1,109.2500,32.6400,0.000064
PHY_EDGE_ROW_7_Right_7,VGND,li1,109.2500,32.6400,0.000064
PHY_EDGE_ROW_6_Right_6,VGND,li1,109.2500,27.2000,0.000038
PHY_EDGE_ROW_5_Right_5,VGND,li1,109.2500,27.2000,0.000038
PHY_EDGE_ROW_4_Right_4,VGND,li1,109.2500,21.7600,0.000012
PHY_EDGE_ROW_3_Right_3,VGND,li1,109.2500,21.7600,0.000012
PHY_EDGE_ROW_2_Right_2,VGND,li1,109.2500,16.3200,0.000000
PHY_EDGE_ROW_1_Right_1,VGND,li1,109.2500,16.3200,0.000000
PHY_EDGE_ROW_0_Right_0,VGND,li1,109.2500,10.8800,0.000007
_923_,VGND,li1,104.8800,97.9200,0.000034
_922_,VGND,li1,76.1300,92.4800,0.000043
_921_,VGND,li1,76.3600,92.4800,0.000043
_920_,VGND,li1,79.3500,92.4800,0.000044
_919_,VGND,li1,81.8800,92.4800,0.000045
_918_,VGND,li1,107.4100,92.4800,0.000050
_917_,VGND,li1,102.3500,92.4800,0.000050
_916_,VGND,li1,103.7300,43.5200,0.000070
_915_,VGND,li1,101.4300,32.6400,0.000064
_914_,VGND,li1,93.1500,27.2000,0.000038
_913_,VGND,li1,88.5500,32.6400,0.000061
_912_,VGND,li1,92.0000,32.6400,0.000062
_911_,VGND,li1,86.7100,43.5200,0.000060
_910_,VGND,li1,86.2500,27.2000,0.000037
_909_,VGND,li1,78.8900,21.7600,0.000012
_908_,VGND,li1,67.8500,21.7600,0.000010
_907_,VGND,li1,64.1700,21.7600,0.000010
_906_,VGND,li1,64.6300,27.2000,0.000028
_905_,VGND,li1,67.3900,16.3200,0.000000
_904_,VGND,li1,76.8200,21.7600,0.000011
_903_,VGND,li1,78.4300,48.9600,0.000044
_902_,VGND,li1,78.2000,48.9600,0.000044
_901_,VGND,li1,71.9900,48.9600,0.000041
_900_,VGND,li1,75.2100,48.9600,0.000042
_899_,VGND,li1,46.4600,48.9600,0.000026
_898_,VGND,li1,71.9900,48.9600,0.000041
_897_,VGND,li1,73.3700,54.4000,0.000039
_896_,VGND,li1,70.6100,54.4000,0.000038
_895_,VGND,li1,76.1300,48.9600,0.000042
_894_,VGND,li1,102.1200,38.0800,0.000070
_893_,VGND,li1,102.8100,48.9600,0.000052
_892_,VGND,li1,104.4200,87.0400,0.000021
_891_,VGND,li1,104.6500,108.8000,0.000051
_890_,VGND,li1,104.1900,108.8000,0.000051
_889_,VGND,li1,89.0100,108.8000,0.000049
_888_,VGND,li1,93.3800,108.8000,0.000050
_887_,VGND,li1,83.4900,108.8000,0.000048
_886_,VGND,li1,100.7400,108.8000,0.000051
_885_,VGND,li1,105.1100,92.4800,0.000050
_884_,VGND,li1,81.1900,97.9200,0.000030
_883_,VGND,li1,84.8700,103.3600,0.000031
_882_,VGND,li1,85.1000,97.9200,0.000031
_881_,VGND,li1,86.7100,103.3600,0.000031
_880_,VGND,li1,86.4800,108.8000,0.000048
_879_,VGND,li1,106.9500,92.4800,0.000050
_878_,VGND,li1,105.1100,92.4800,0.000050
_877_,VGND,li1,103.7300,81.6000,0.000056
_876_,VGND,li1,103.7300,54.4000,0.000050
_875_,VGND,li1,105.5700,48.9600,0.000052
_874_,VGND,li1,107.4100,48.9600,0.000053
_873_,VGND,li1,101.4300,38.0800,0.000070
_872_,VGND,li1,103.5000,38.0800,0.000070
_871_,VGND,li1,98.9000,38.0800,0.000069
_870_,VGND,li1,96.8300,38.0800,0.000068
_869_,VGND,li1,89.4700,32.6400,0.000061
_868_,VGND,li1,88.5500,38.0800,0.000063
_867_,VGND,li1,86.2500,32.6400,0.000060
_866_,VGND,li1,81.8800,32.6400,0.000057
_865_,VGND,li1,84.1800,32.6400,0.000058
_864_,VGND,li1,79.3500,27.2000,0.000034
_863_,VGND,li1,76.5900,27.2000,0.000033
_862_,VGND,li1,74.5200,21.7600,0.000011
_861_,VGND,li1,71.9900,27.2000,0.000032
_860_,VGND,li1,66.4700,21.7600,0.000010
_859_,VGND,li1,81.1900,21.7600,0.000012
_858_,VGND,li1,85.3300,43.5200,0.000060
_857_,VGND,li1,87.1700,48.9600,0.000048
_856_,VGND,li1,84.8700,48.9600,0.000047
_855_,VGND,li1,81.4200,48.9600,0.000045
_854_,VGND,li1,89.0100,43.5200,0.000062
_853_,VGND,li1,100.0500,48.9600,0.000051
_852_,VGND,li1,96.1400,48.9600,0.000050
_851_,VGND,li1,97.9800,48.9600,0.000051
_850_,VGND,li1,103.0400,59.8400,0.000055
_849_,VGND,li1,100.0500,103.3600,0.000032
_848_,VGND,li1,101.4300,103.3600,0.000032
_847_,VGND,li1,103.9600,103.3600,0.000032
_846_,VGND,li1,100.9700,108.8000,0.000051
_845_,VGND,li1,100.5100,114.2400,0.000033
_844_,VGND,li1,97.7500,108.8000,0.000051
_843_,VGND,li1,92.0000,108.8000,0.000050
_842_,VGND,li1,81.1900,92.4800,0.000045
_841_,VGND,li1,62.7900,87.0400,0.000017
_840_,VGND,li1,90.1600,92.4800,0.000047
_839_,VGND,li1,85.1000,92.4800,0.000046
_838_,VGND,li1,88.5500,87.0400,0.000020
_837_,VGND,li1,92.0000,92.4800,0.000047
_836_,VGND,li1,98.2100,97.9200,0.000034
_835_,VGND,li1,100.9700,97.9200,0.000034
_834_,VGND,li1,95.9100,97.9200,0.000033
_833_,VGND,li1,99.5900,97.9200,0.000034
_832_,VGND,li1,94.9900,103.3600,0.000031
_831_,VGND,li1,97.2900,97.9200,0.000034
_830_,VGND,li1,89.9300,97.9200,0.000032
_829_,VGND,li1,88.7800,97.9200,0.000032
_828_,VGND,li1,64.8600,92.4800,0.000039
_827_,VGND,li1,97.5200,87.0400,0.000021
_826_,VGND,li1,100.9700,87.0400,0.000021
_825_,VGND,li1,99.5900,87.0400,0.000021
_824_,VGND,li1,103.7300,81.6000,0.000056
_823_,VGND,li1,106.9500,76.1600,0.000034
_822_,VGND,li1,106.0300,81.6000,0.000056
_821_,VGND,li1,105.1100,76.1600,0.000033
_820_,VGND,li1,103.7300,65.2800,0.000037
_819_,VGND,li1,105.1100,59.8400,0.000055
_818_,VGND,li1,100.7400,59.8400,0.000055
_817_,VGND,li1,99.5900,59.8400,0.000054
_816_,VGND,li1,99.1300,38.0800,0.000069
_815_,VGND,li1,93.6100,38.0800,0.000066
_814_,VGND,li1,97.2900,38.0800,0.000068
_813_,VGND,li1,77.9700,38.0800,0.000057
_812_,VGND,li1,80.7300,38.0800,0.000059
_811_,VGND,li1,75.6700,38.0800,0.000056
_810_,VGND,li1,75.9000,32.6400,0.000054
_809_,VGND,li1,73.6000,32.6400,0.000052
_808_,VGND,li1,73.6000,32.6400,0.000052
_807_,VGND,li1,71.5300,32.6400,0.000051
_806_,VGND,li1,71.5300,32.6400,0.000051
_805_,VGND,li1,72.4500,43.5200,0.000052
_804_,VGND,li1,98.2100,48.9600,0.000051
_803_,VGND,li1,91.0800,48.9600,0.000049
_802_,VGND,li1,93.3800,48.9600,0.000050
_801_,VGND,li1,93.8400,48.9600,0.000050
_800_,VGND,li1,91.7700,54.4000,0.000047
_799_,VGND,li1,88.5500,48.9600,0.000048
_798_,VGND,li1,55.6600,97.9200,0.000022
_797_,VGND,li1,55.6600,76.1600,0.000023
_796_,VGND,li1,97.9800,81.6000,0.000055
_795_,VGND,li1,58.4200,81.6000,0.000038
_794_,VGND,li1,94.5300,81.6000,0.000054
_793_,VGND,li1,90.8500,81.6000,0.000052
_792_,VGND,li1,87.8600,87.0400,0.000020
_791_,VGND,li1,100.5100,81.6000,0.000055
_790_,VGND,li1,98.6700,81.6000,0.000055
_789_,VGND,li1,102.8100,76.1600,0.000033
_788_,VGND,li1,102.3500,70.7200,0.000047
_787_,VGND,li1,104.4200,70.7200,0.000047
_786_,VGND,li1,99.5900,65.2800,0.000037
_785_,VGND,li1,98.6700,59.8400,0.000054
_784_,VGND,li1,86.2500,59.8400,0.000051
_783_,VGND,li1,89.0100,59.8400,0.000052
_782_,VGND,li1,72.9100,59.8400,0.000046
_781_,VGND,li1,69.4600,43.5200,0.000050
_780_,VGND,li1,71.5300,43.5200,0.000052
_779_,VGND,li1,85.1000,59.8400,0.000051
_778_,VGND,li1,99.5900,65.2800,0.000037
_777_,VGND,li1,97.0600,65.2800,0.000036
_776_,VGND,li1,94.0700,65.2800,0.000036
_775_,VGND,li1,54.7400,92.4800,0.000035
_774_,VGND,li1,52.6700,92.4800,0.000034
_773_,VGND,li1,58.6500,92.4800,0.000037
_772_,VGND,li1,61.8700,92.4800,0.000038
_771_,VGND,li1,63.7100,92.4800,0.000039
_770_,VGND,li1,52.6700,97.9200,0.000021
_769_,VGND,li1,53.5900,81.6000,0.000036
_768_,VGND,li1,89.2400,81.6000,0.000052
_767_,VGND,li1,62.1000,81.6000,0.000040
_766_,VGND,li1,87.6300,81.6000,0.000051
_765_,VGND,li1,85.1000,81.6000,0.000051
_764_,VGND,li1,90.1600,76.1600,0.000031
_763_,VGND,li1,92.2300,76.1600,0.000032
_762_,VGND,li1,97.2900,76.1600,0.000032
_761_,VGND,li1,96.8300,70.7200,0.000047
_760_,VGND,li1,92.0000,70.7200,0.000046
_759_,VGND,li1,94.0700,70.7200,0.000047
_758_,VGND,li1,88.0900,70.7200,0.000046
_757_,VGND,li1,91.0800,70.7200,0.000046
_756_,VGND,li1,81.1900,59.8400,0.000050
_755_,VGND,li1,80.7300,54.4000,0.000042
_754_,VGND,li1,73.1400,59.8400,0.000046
_753_,VGND,li1,77.9700,59.8400,0.000048
_752_,VGND,li1,67.8500,43.5200,0.000048
_751_,VGND,li1,81.1900,59.8400,0.000050
_750_,VGND,li1,83.9500,70.7200,0.000044
_749_,VGND,li1,52.6700,97.9200,0.000021
_748_,VGND,li1,49.2200,97.9200,0.000020
_747_,VGND,li1,50.3700,92.4800,0.000032
_746_,VGND,li1,48.5300,92.4800,0.000031
_745_,VGND,li1,52.2100,87.0400,0.000015
_744_,VGND,li1,50.3700,87.0400,0.000014
_743_,VGND,li1,46.6900,81.6000,0.000032
_742_,VGND,li1,48.0700,81.6000,0.000033
_741_,VGND,li1,49.2200,103.3600,0.000022
_740_,VGND,li1,49.9100,81.6000,0.000034
_739_,VGND,li1,79.5800,81.6000,0.000048
_738_,VGND,li1,59.3400,81.6000,0.000038
_737_,VGND,li1,77.9700,76.1600,0.000029
_736_,VGND,li1,75.9000,81.6000,0.000046
_735_,VGND,li1,72.9100,65.2800,0.000032
_734_,VGND,li1,81.6500,76.1600,0.000029
_733_,VGND,li1,83.9500,76.1600,0.000030
_732_,VGND,li1,81.6500,76.1600,0.000029
_731_,VGND,li1,81.1900,70.7200,0.000044
_730_,VGND,li1,78.6600,65.2800,0.000033
_729_,VGND,li1,78.6600,70.7200,0.000043
_728_,VGND,li1,74.7500,65.2800,0.000032
_727_,VGND,li1,79.3500,70.7200,0.000043
_726_,VGND,li1,74.9800,70.7200,0.000042
_725_,VGND,li1,48.9900,108.8000,0.000032
_724_,VGND,li1,51.9800,108.8000,0.000033
_723_,VGND,li1,47.1500,97.9200,0.000019
_722_,VGND,li1,43.4700,92.4800,0.000028
_721_,VGND,li1,45.7700,92.4800,0.000030
_720_,VGND,li1,41.1700,87.0400,0.000012
_719_,VGND,li1,45.0800,87.0400,0.000013
_718_,VGND,li1,67.8500,108.8000,0.000042
_717_,VGND,li1,42.5500,108.8000,0.000027
_716_,VGND,li1,40.0200,108.8000,0.000025
_715_,VGND,li1,45.3100,108.8000,0.000028
_714_,VGND,li1,38.4100,108.8000,0.000024
_713_,VGND,li1,54.0500,108.8000,0.000035
_712_,VGND,li1,48.9900,108.8000,0.000032
_711_,VGND,li1,51.2900,103.3600,0.000023
_710_,VGND,li1,73.8300,87.0400,0.000018
_709_,VGND,li1,74.5200,81.6000,0.000046
_708_,VGND,li1,71.0700,87.0400,0.000018
_707_,VGND,li1,80.2700,76.1600,0.000029
_706_,VGND,li1,74.7500,70.7200,0.000042
_705_,VGND,li1,73.8300,76.1600,0.000028
_704_,VGND,li1,61.6400,103.3600,0.000026
_703_,VGND,li1,72.9100,81.6000,0.000045
_702_,VGND,li1,77.9700,81.6000,0.000047
_701_,VGND,li1,71.5300,65.2800,0.000032
_700_,VGND,li1,59.5700,108.8000,0.000038
_699_,VGND,li1,72.2200,103.3600,0.000029
_698_,VGND,li1,74.9800,103.3600,0.000029
_697_,VGND,li1,60.7200,103.3600,0.000026
_696_,VGND,li1,77.9700,103.3600,0.000030
_695_,VGND,li1,66.0100,103.3600,0.000027
_694_,VGND,li1,77.5100,108.8000,0.000046
_693_,VGND,li1,69.9200,108.8000,0.000043
_692_,VGND,li1,71.5300,103.3600,0.000029
_691_,VGND,li1,74.9800,97.9200,0.000028
_690_,VGND,li1,75.6700,108.8000,0.000045
_689_,VGND,li1,61.8700,108.8000,0.000039
_688_,VGND,li1,76.1300,103.3600,0.000029
_687_,VGND,li1,67.8500,108.8000,0.000042
_686_,VGND,li1,67.8500,103.3600,0.000028
_685_,VGND,li1,64.6300,108.8000,0.000041
_684_,VGND,li1,67.8500,92.4800,0.000040
_683_,VGND,li1,66.2400,92.4800,0.000040
_682_,VGND,li1,69.0000,92.4800,0.000041
_681_,VGND,li1,71.5300,81.6000,0.000045
_680_,VGND,li1,69.2300,81.6000,0.000044
_679_,VGND,li1,30.8200,108.8000,0.000017
_678_,VGND,li1,28.7500,108.8000,0.000015
_677_,VGND,li1,36.1100,103.3600,0.000017
_676_,VGND,li1,41.1700,103.3600,0.000019
_675_,VGND,li1,25.7600,108.8000,0.000013
_674_,VGND,li1,21.1600,108.8000,0.000014
_673_,VGND,li1,19.5500,108.8000,0.000015
_672_,VGND,li1,24.1500,103.3600,0.000011
_671_,VGND,li1,33.5800,103.3600,0.000016
_670_,VGND,li1,28.2900,92.4800,0.000015
_669_,VGND,li1,34.5000,97.9200,0.000013
_668_,VGND,li1,38.6400,103.3600,0.000018
_667_,VGND,li1,36.1100,103.3600,0.000017
_666_,VGND,li1,39.3300,103.3600,0.000018
_665_,VGND,li1,39.3300,97.9200,0.000016
_664_,VGND,li1,39.7900,92.4800,0.000025
_663_,VGND,li1,38.4100,92.4800,0.000025
_662_,VGND,li1,29.2100,97.9200,0.000010
_661_,VGND,li1,31.0500,92.4800,0.000019
_660_,VGND,li1,26.6800,92.4800,0.000015
_659_,VGND,li1,33.3500,92.4800,0.000021
_658_,VGND,li1,35.6500,92.4800,0.000023
_657_,VGND,li1,26.9100,81.6000,0.000017
_656_,VGND,li1,31.0500,76.1600,0.000013
_655_,VGND,li1,36.1100,76.1600,0.000016
_654_,VGND,li1,33.5800,87.0400,0.000010
_653_,VGND,li1,28.5200,87.0400,0.000009
_652_,VGND,li1,25.0700,87.0400,0.000008
_651_,VGND,li1,28.0600,81.6000,0.000017
_650_,VGND,li1,30.5900,81.6000,0.000020
_649_,VGND,li1,37.0300,81.6000,0.000026
_648_,VGND,li1,20.4700,103.3600,0.000013
_647_,VGND,li1,21.3900,103.3600,0.000013
_646_,VGND,li1,19.5500,103.3600,0.000014
_645_,VGND,li1,18.1700,97.9200,0.000010
_644_,VGND,li1,15.8700,92.4800,0.000017
_643_,VGND,li1,16.7900,103.3600,0.000015
_642_,VGND,li1,17.2500,108.8000,0.000015
_641_,VGND,li1,14.0300,103.3600,0.000016
_640_,VGND,li1,14.0300,97.9200,0.000010
_639_,VGND,li1,13.3400,92.4800,0.000018
_638_,VGND,li1,27.3700,108.8000,0.000015
_637_,VGND,li1,15.4100,114.2400,0.000009
_636_,VGND,li1,25.0700,108.8000,0.000013
_635_,VGND,li1,23.0000,108.8000,0.000013
_634_,VGND,li1,25.5300,76.1600,0.000009
_633_,VGND,li1,14.9500,81.6000,0.000020
_632_,VGND,li1,11.9600,81.6000,0.000020
_631_,VGND,li1,18.1700,81.6000,0.000019
_630_,VGND,li1,17.2500,87.0400,0.000010
_629_,VGND,li1,19.5500,76.1600,0.000010
_628_,VGND,li1,25.9900,87.0400,0.000008
_627_,VGND,li1,22.0800,81.6000,0.000017
_626_,VGND,li1,22.5400,76.1600,0.000010
_625_,VGND,li1,20.2400,70.7200,0.000011
_624_,VGND,li1,15.6400,81.6000,0.000020
_623_,VGND,li1,14.0300,87.0400,0.000010
_622_,VGND,li1,11.7300,81.6000,0.000020
_621_,VGND,li1,9.8900,92.4800,0.000018
_620_,VGND,li1,12.6500,92.4800,0.000018
_619_,VGND,li1,21.6200,65.2800,0.000013
_618_,VGND,li1,13.1100,59.8400,0.000012
_617_,VGND,li1,15.8700,103.3600,0.000015
_616_,VGND,li1,16.7900,76.1600,0.000011
_615_,VGND,li1,16.1000,65.2800,0.000015
_614_,VGND,li1,9.8900,54.4000,0.000012
_613_,VGND,li1,12.8800,54.4000,0.000012
_612_,VGND,li1,8.9700,70.7200,0.000012
_611_,VGND,li1,24.8400,70.7200,0.000010
_610_,VGND,li1,10.8100,76.1600,0.000011
_609_,VGND,li1,16.3300,92.4800,0.000017
_608_,VGND,li1,34.9600,81.6000,0.000024
_607_,VGND,li1,35.4200,76.1600,0.000016
_606_,VGND,li1,38.8700,81.6000,0.000027
_605_,VGND,li1,38.8700,92.4800,0.000025
_604_,VGND,li1,40.2500,81.6000,0.000027
_603_,VGND,li1,37.9500,76.1600,0.000017
_602_,VGND,li1,30.5900,87.0400,0.000009
_601_,VGND,li1,46.0000,76.1600,0.000020
_600_,VGND,li1,46.2300,70.7200,0.000028
_599_,VGND,li1,47.6100,70.7200,0.000029
_598_,VGND,li1,28.2900,76.1600,0.000012
_597_,VGND,li1,37.9500,76.1600,0.000017
_596_,VGND,li1,30.1300,92.4800,0.000017
_595_,VGND,li1,38.8700,70.7200,0.000023
_594_,VGND,li1,43.0100,70.7200,0.000026
_593_,VGND,li1,14.7200,65.2800,0.000015
_592_,VGND,li1,10.8100,59.8400,0.000013
_591_,VGND,li1,13.5700,54.4000,0.000012
_590_,VGND,li1,24.6100,65.2800,0.000012
_589_,VGND,li1,26.2200,65.2800,0.000012
_588_,VGND,li1,20.0100,59.8400,0.000012
_587_,VGND,li1,17.0200,48.9600,0.000012
_586_,VGND,li1,21.8500,59.8400,0.000011
_585_,VGND,li1,20.9300,48.9600,0.000012
_584_,VGND,li1,13.5700,48.9600,0.000012
_583_,VGND,li1,25.5300,48.9600,0.000011
_582_,VGND,li1,25.3000,48.9600,0.000011
_581_,VGND,li1,23.2300,48.9600,0.000011
_580_,VGND,li1,27.3700,43.5200,0.000014
_579_,VGND,li1,33.1200,48.9600,0.000017
_578_,VGND,li1,23.2300,38.0800,0.000013
_577_,VGND,li1,14.9500,48.9600,0.000012
_576_,VGND,li1,17.9400,48.9600,0.000012
_575_,VGND,li1,15.6400,48.9600,0.000012
_574_,VGND,li1,20.4700,48.9600,0.000012
_573_,VGND,li1,17.2500,43.5200,0.000012
_572_,VGND,li1,23.2300,43.5200,0.000012
_571_,VGND,li1,30.8200,43.5200,0.000017
_570_,VGND,li1,26.4500,38.0800,0.000013
_569_,VGND,li1,29.2100,32.6400,0.000016
_568_,VGND,li1,35.1900,65.2800,0.000019
_567_,VGND,li1,28.5200,59.8400,0.000014
_566_,VGND,li1,32.8900,65.2800,0.000017
_565_,VGND,li1,33.1200,54.4000,0.000016
_564_,VGND,li1,8.9700,59.8400,0.000013
_563_,VGND,li1,32.8900,65.2800,0.000017
_562_,VGND,li1,36.8000,59.8400,0.000020
_561_,VGND,li1,38.6400,54.4000,0.000020
_560_,VGND,li1,36.1100,38.0800,0.000026
_559_,VGND,li1,40.2500,65.2800,0.000021
_558_,VGND,li1,47.1500,70.7200,0.000029
_557_,VGND,li1,44.8500,65.2800,0.000023
_556_,VGND,li1,41.1700,65.2800,0.000022
_555_,VGND,li1,43.0100,65.2800,0.000023
_554_,VGND,li1,40.4800,59.8400,0.000023
_553_,VGND,li1,39.3300,65.2800,0.000021
_552_,VGND,li1,39.3300,70.7200,0.000023
_551_,VGND,li1,37.9500,65.2800,0.000020
_550_,VGND,li1,36.3400,54.4000,0.000018
_549_,VGND,li1,42.3200,59.8400,0.000026
_548_,VGND,li1,42.5500,54.4000,0.000021
_547_,VGND,li1,34.7300,54.4000,0.000016
_546_,VGND,li1,30.3600,54.4000,0.000014
_545_,VGND,li1,26.9100,54.4000,0.000011
_544_,VGND,li1,35.8800,43.5200,0.000024
_543_,VGND,li1,36.8000,43.5200,0.000024
_542_,VGND,li1,40.9400,54.4000,0.000021
_541_,VGND,li1,47.6100,59.8400,0.000029
_540_,VGND,li1,38.4100,43.5200,0.000026
_539_,VGND,li1,32.6600,38.0800,0.000021
_538_,VGND,li1,28.9800,38.0800,0.000018
_537_,VGND,li1,41.1700,38.0800,0.000030
_536_,VGND,li1,43.4700,48.9600,0.000024
_535_,VGND,li1,45.3100,59.8400,0.000027
_534_,VGND,li1,24.8400,32.6400,0.000011
_533_,VGND,li1,46.9200,38.0800,0.000034
_532_,VGND,li1,46.0000,38.0800,0.000034
_531_,VGND,li1,45.0800,43.5200,0.000031
_530_,VGND,li1,53.5900,38.0800,0.000040
_529_,VGND,li1,51.2900,38.0800,0.000038
_528_,VGND,li1,63.2500,38.0800,0.000047
_527_,VGND,li1,65.0900,38.0800,0.000049
_526_,VGND,li1,69.2300,38.0800,0.000051
_525_,VGND,li1,33.8100,32.6400,0.000020
_524_,VGND,li1,41.4000,32.6400,0.000028
_523_,VGND,li1,43.0100,32.6400,0.000028
_522_,VGND,li1,40.7100,27.2000,0.000017
_521_,VGND,li1,41.1700,27.2000,0.000017
_520_,VGND,li1,37.9500,27.2000,0.000015
_519_,VGND,li1,43.4700,48.9600,0.000024
_518_,VGND,li1,40.2500,43.5200,0.000028
_517_,VGND,li1,60.2600,43.5200,0.000044
_516_,VGND,li1,59.1100,27.2000,0.000027
_515_,VGND,li1,55.8900,38.0800,0.000042
_514_,VGND,li1,57.5000,70.7200,0.000035
_513_,VGND,li1,53.1300,43.5200,0.000039
_512_,VGND,li1,50.8300,59.8400,0.000031
_511_,VGND,li1,53.8200,54.4000,0.000029
_510_,VGND,li1,53.3600,59.8400,0.000034
_509_,VGND,li1,56.1200,32.6400,0.000041
_508_,VGND,li1,54.0500,27.2000,0.000024
_507_,VGND,li1,55.4300,32.6400,0.000041
_506_,VGND,li1,52.4400,32.6400,0.000038
_505_,VGND,li1,45.7700,32.6400,0.000031
_504_,VGND,li1,52.6700,27.2000,0.000024
_503_,VGND,li1,61.4100,32.6400,0.000045
_502_,VGND,li1,60.2600,32.6400,0.000043
_501_,VGND,li1,58.1900,32.6400,0.000042
_500_,VGND,li1,57.0400,43.5200,0.000041
_499_,VGND,li1,55.8900,43.5200,0.000041
_498_,VGND,li1,58.6500,43.5200,0.000042
_497_,VGND,li1,57.2700,48.9600,0.000033
_496_,VGND,li1,59.1100,59.8400,0.000037
_495_,VGND,li1,55.6600,54.4000,0.000030
_494_,VGND,li1,63.2500,54.4000,0.000035
_493_,VGND,li1,61.1800,54.4000,0.000033
_492_,VGND,li1,53.5900,59.8400,0.000034
_491_,VGND,li1,65.0900,59.8400,0.000041
_490_,VGND,li1,59.8000,48.9600,0.000034
_489_,VGND,li1,64.6300,54.4000,0.000035
_488_,VGND,li1,66.9300,32.6400,0.000048
_487_,VGND,li1,61.4100,27.2000,0.000028
_486_,VGND,li1,47.1500,32.6400,0.000034
_485_,VGND,li1,67.3900,38.0800,0.000050
_484_,VGND,li1,66.2400,54.4000,0.000036
_483_,VGND,li1,68.5400,54.4000,0.000037
_482_,VGND,li1,56.8100,54.4000,0.000030
_481_,VGND,li1,65.5500,65.2800,0.000030
_480_,VGND,li1,66.7000,76.1600,0.000026
_479_,VGND,li1,66.4700,59.8400,0.000042
_478_,VGND,li1,59.8000,70.7200,0.000036
_477_,VGND,li1,59.3400,65.2800,0.000029
_476_,VGND,li1,54.9700,70.7200,0.000034
_475_,VGND,li1,57.2700,65.2800,0.000028
_474_,VGND,li1,62.3300,65.2800,0.000029
_473_,VGND,li1,52.9000,65.2800,0.000027
_472_,VGND,li1,67.1600,70.7200,0.000039
_471_,VGND,li1,65.7800,76.1600,0.000026
_470_,VGND,li1,64.1700,76.1600,0.000026
_469_,VGND,li1,60.4900,76.1600,0.000025
_468_,VGND,li1,80.0400,108.8000,0.000047
_467_,VGND,li1,64.1700,114.2400,0.000029
_466_,VGND,li1,22.3100,70.7200,0.000011
_465_,VGND,li1,48.9900,70.7200,0.000030
_464_,VGND,li1,34.7300,65.2800,0.000019
_463_,VGND,li1,50.3700,65.2800,0.000026
_462_,VGND,li1,68.3100,76.1600,0.000026
_461_,VGND,li1,47.6100,48.9600,0.000026
_460_,VGND,li1,48.9900,48.9600,0.000028
_459_,VGND,li1,65.0900,108.8000,0.000041
_458_,VGND,li1,51.2900,70.7200,0.000032
