net,length_um
net64,195.64µm
net50,195.1µm
net58,171.96µm
net41,164.48µm
net43,161.32µm
net38,161.14µm
net66,157.11µm
net60,156.22µm
net17,152.88µm
net55,147.34µm
net59,144.095µm
net46,141.85µm
net34,141.64µm
_440_,141.56µm
net37,140.39µm
net69,134.05µm
net93,126.455µm
net61,123.63µm
net13,122.42µm
net62,120.62µm
net42,120.305µm
net10,115.73µm
net67,115.46µm
net53,114.9µm
_252_,113.5µm
net65,111.42µm
_161_,110.5µm
net7,109.82µm
net40,108.6µm
net52,104.98µm
net35,99.24µm
net56,98.865µm
net36,95.88µm
net44,95.75µm
_263_,95.195µm
_295_,94.48µm
net18,93.25µm
net51,92.71µm
net12,91.12µm
net6,89.86µm
net48,89.06µm
_166_,87.98µm
net30,86.38µm
net8,84.32µm
_174_,83.625µm
_160_,83.44µm
net19,82.84µm
net20,82.8µm
net63,80.28µm
_036_,80.05µm
net92,77.92µm
net54,74.82µm
net29,72.195µm
_157_,71.28µm
_019_,70.66µm
_168_,66.755µm
_159_,60.46µm
net39,57.72µm
net32,56.755µm
net90,55.98µm
net57,55.55µm
_228_,54.54µm
_007_,53.06µm
_033_,51.82µm
net3,49.455µm
_066_,48.84µm
_242_,46.11µm
net82,44.92µm
_425_,44.9µm
net49,44.32µm
_086_,44.02µm
_180_,42.42µm
_090_,42.4µm
net68,42.38µm
net47,42.04µm
_099_,41.92µm
_211_,40.08µm
_403_,40.08µm
_171_,39.2µm
_188_,39.16µm
_152_,38.95µm
net96,38.18µm
_417_,38.055µm
_407_,37.5µm
_271_,37.48µm
_014_,36.5µm
_030_,34.86µm
_061_,34.8µm
_306_,34.78µm
_366_,34.7µm
net1,34.61µm
net16,34.58µm
_382_,34.56µm
net15,34.02µm
net11,33.89µm
_241_,33.78µm
_069_,32.98µm
_076_,32.74µm
_433_,32.46µm
_079_,31.79µm
_444_,31.24µm
_150_,31.14µm
net45,30.885µm
_410_,30.82µm
_443_,30.78µm
_018_,30.22µm
_408_,29.68µm
_260_,29.66µm
_412_,29.5µm
net14,29.38µm
_446_,29.1µm
_255_,28.12µm
_151_,27.9µm
net5,27.22µm
_104_,26.98µm
_003_,26.62µm
_319_,26.08µm
_210_,25.82µm
_004_,25.36µm
_455_,25.16µm
_400_,24.9µm
_127_,24.76µm
net9,24.74µm
net80,24.38µm
net26,24.26µm
net2,24.14µm
_338_,24.1µm
_373_,23.8µm
_081_,23.24µm
_101_,22.94µm
_165_,22.8µm
_418_,22.78µm
_298_,22.68µm
_008_,22.665µm
_292_,22.61µm
_303_,22.58µm
_012_,22.56µm
_013_,22.51µm
_394_,22.4µm
_095_,22.365µm
net25,22.3µm
_369_,21.36µm
_219_,21.06µm
_438_,20.88µm
_001_,20.82µm
_098_,20.72µm
_050_,20.7µm
_423_,20.5µm
_192_,20.48µm
_097_,20.32µm
_453_,20.2µm
_000_,20.14µm
_092_,19.54µm
_428_,19.51µm
_429_,19.42µm
_415_,19.4µm
_266_,19.36µm
_381_,19.12µm
net74,19.08µm
_002_,19.02µm
_058_,19µm
_286_,18.9µm
_409_,18.895µm
_199_,18.78µm
net31,18.72µm
_147_,18.7µm
_413_,18.64µm
_349_,18.46µm
_282_,18.44µm
_357_,18.44µm
net21,18.38µm
_044_,18.32µm
_205_,17.88µm
_015_,17.78µm
_422_,17.74µm
_022_,17.5µm
_317_,17.3µm
_426_,17.28µm
_087_,16.86µm
_062_,16.72µm
_082_,16.44µm
_110_,16.22µm
_212_,16.22µm
_275_,16.1µm
_158_,16.02µm
_360_,16.02µm
_091_,15.98µm
_222_,15.92µm
_329_,15.64µm
_051_,15.52µm
_209_,15.52µm
_109_,15.46µm
_258_,15.445µm
inst[1],15.44µm
_312_,15.36µm
_216_,15.3µm
_093_,15.24µm
_447_,15.24µm
_035_,15.22µm
_289_,15.175µm
_288_,15.08µm
_039_,15µm
_114_,14.88µm
_080_,14.84µm
_337_,14.72µm
_310_,14.56µm
_354_,14.56µm
_392_,14.56µm
_442_,14.56µm
_112_,14.48µm
_206_,14.4µm
_249_,14.3µm
_367_,14.24µm
_280_,13.96µm
_261_,13.88µm
_182_,13.76µm
_021_,13.71µm
_105_,13.56µm
_452_,13.54µm
_055_,13.38µm
_436_,13.36µm
_072_,13.34µm
_358_,13.34µm
_448_,13.34µm
_053_,13.25µm
_454_,13.22µm
_344_,13.18µm
_278_,13.14µm
_253_,13.12µm
_284_,13.1µm
_064_,12.98µm
_083_,12.96µm
_042_,12.95µm
_322_,12.94µm
_187_,12.74µm
op_out[0],12.72µm
_457_,12.7µm
_088_,12.52µm
op_a[7],12.5µm
net75,12.46µm
_184_,12.44µm
_350_,12.42µm
_185_,12.4µm
inst[3],12.38µm
op_out[1],12.26µm
_075_,12.22µm
_232_,12.16µm
_194_,12.14µm
_456_,12.12µm
net83,12.12µm
_043_,12.1µm
_283_,12.1µm
_297_,12.04µm
inst[2],12.04µm
_045_,12.02µm
_034_,11.96µm
_169_,11.82µm
_259_,11.76µm
_245_,11.72µm
_048_,11.62µm
_106_,11.52µm
_419_,11.42µm
_203_,11.33µm
_431_,11.32µm
_365_,11.28µm
_145_,11.24µm
_148_,11.2µm
_305_,11.16µm
_420_,11.16µm
net85,11.08µm
_251_,11.06µm
_445_,11.06µm
_116_,11µm
_279_,10.86µm
_177_,10.56µm
_136_,10.5µm
_274_,10.5µm
_353_,10.5µm
_441_,10.32µm
op_out[3],10.32µm
op_out[4],10.32µm
op_out[5],10.32µm
_293_,10.3µm
_351_,10.28µm
_272_,10.24µm
_301_,10.22µm
_052_,10.2µm
inst[0],10.08µm
op_a[6],10.08µm
_311_,10.04µm
_190_,9.98µm
_395_,9.86µm
_332_,9.82µm
_352_,9.82µm
_130_,9.775µm
op_out[2],9.74µm
_133_,9.72µm
_164_,9.7µm
net79,9.7µm
_107_,9.63µm
_281_,9.62µm
_374_,9.62µm
_346_,9.56µm
_038_,9.535µm
_074_,9.42µm
_131_,9.42µm
_122_,9.4µm
_208_,9.36µm
_031_,9.32µm
_220_,9.22µm
_143_,9.2µm
_202_,9.12µm
_029_,9.08µm
_170_,9.04µm
_273_,8.985µm
_435_,8.98µm
_307_,8.9µm
net78,8.88µm
net86,8.84µm
_094_,8.78µm
_077_,8.76µm
_139_,8.62µm
_024_,8.6µm
_257_,8.6µm
_254_,8.56µm
_336_,8.44µm
_355_,8.44µm
_427_,8.44µm
_125_,8.4µm
_294_,8.34µm
_085_,8.32µm
_118_,8.32µm
_198_,8.24µm
net91,8.14µm
_113_,8.12µm
_193_,8.12µm
_196_,8.105µm
_432_,8.1µm
net88,8.02µm
_330_,8µm
_026_,7.98µm
_141_,7.98µm
_068_,7.94µm
_285_,7.94µm
_439_,7.9µm
_233_,7.88µm
_239_,7.8µm
_234_,7.78µm
_411_,7.76µm
net4,7.76µm
_037_,7.74µm
_056_,7.74µm
_201_,7.74µm
net33,7.71µm
_020_,7.66µm
net76,7.64µm
_229_,7.57µm
_386_,7.52µm
_401_,7.44µm
_132_,7.28µm
_335_,7.28µm
net84,7.24µm
_405_,7.22µm
_404_,7.18µm
net28,7.18µm
_041_,7.14µm
_135_,7.14µm
_243_,7.14µm
_399_,7.14µm
_215_,7.12µm
op_out[6],7.11µm
_324_,7.1µm
_010_,7.08µm
_276_,7.04µm
_256_,6.985µm
_017_,6.98µm
net87,6.96µm
_398_,6.94µm
_246_,6.82µm
_424_,6.76µm
net70,6.74µm
_073_,6.72µm
_320_,6.72µm
_016_,6.66µm
_265_,6.64µm
_308_,6.64µm
_396_,6.6µm
_217_,6.58µm
_124_,6.405µm
_296_,6.4µm
_046_,6.31µm
_078_,6.3µm
_370_,6.3µm
_120_,6.28µm
_155_,6.26µm
_173_,6.26µm
_248_,6.26µm
net27,6.26µm
_111_,6.18µm
_140_,6.18µm
_011_,6.14µm
_049_,6.14µm
_235_,6.14µm
_379_,6.14µm
_327_,6.12µm
op_b[0],6.09µm
op_b[5],6.09µm
_321_,6.06µm
op_a[2],5.97µm
op_a[3],5.97µm
op_b[4],5.97µm
op_b[7],5.97µm
_225_,5.94µm
_226_,5.94µm
_084_,5.84µm
_291_,5.82µm
_380_,5.82µm
_103_,5.8µm
_393_,5.8µm
_189_,5.74µm
_387_,5.72µm
_345_,5.68µm
_378_,5.68µm
_236_,5.52µm
_302_,5.5µm
_119_,5.48µm
_176_,5.475µm
_230_,5.44µm
_028_,5.4µm
_333_,5.4µm
_449_,5.4µm
_204_,5.38µm
_100_,5.345µm
_267_,5.34µm
_347_,5.34µm
_032_,5.305µm
op_b[1],5.29µm
_186_,5.28µm
_057_,5.26µm
_227_,5.06µm
net71,5.06µm
_054_,5.02µm
op_a[4],4.95µm
_102_,4.93µm
_023_,4.9µm
_362_,4.9µm
_359_,4.88µm
_144_,4.82µm
_389_,4.8µm
_343_,4.68µm
op_a[1],4.61µm
op_b[2],4.61µm
op_b[3],4.61µm
op_b[6],4.61µm
_326_,4.58µm
net77,4.58µm
_342_,4.56µm
_108_,4.48µm
_183_,4.48µm
net72,4.48µm
_089_,4.46µm
_123_,4.46µm
_197_,4.46µm
_406_,4.46µm
_268_,4.44µm
_060_,4.42µm
_149_,4.42µm
_451_,4.42µm
op_a[5],4.39µm
op_out[7],4.39µm
_067_,4.34µm
_388_,4.34µm
_430_,4.34µm
op_a[0],4.27µm
net89,4.22µm
_376_,4.2µm
_137_,4.14µm
_153_,4.08µm
_316_,4.02µm
_328_,4.02µm
_414_,4.02µm
_096_,4µm
_339_,3.9µm
_341_,3.88µm
_402_,3.88µm
net23,3.88µm
_063_,3.76µm
_156_,3.68µm
_416_,3.68µm
_027_,3.56µm
_040_,3.54µm
_065_,3.54µm
_142_,3.54µm
_223_,3.54µm
_315_,3.52µm
_325_,3.52µm
_167_,3.44µm
_175_,3.44µm
_250_,3.42µm
_262_,3.42µm
net73,3.42µm
_154_,3.18µm
_178_,3.18µm
_071_,3.1µm
_391_,3.1µm
_397_,3.1µm
net94,3.1µm
_213_,3.08µm
_025_,2.96µm
_121_,2.96µm
_128_,2.96µm
_172_,2.96µm
_207_,2.96µm
_214_,2.96µm
_334_,2.96µm
_231_,2.86µm
_270_,2.86µm
_313_,2.84µm
_383_,2.84µm
_221_,2.77µm
_331_,2.76µm
_434_,2.76µm
_437_,2.76µm
_218_,2.72µm
net22,2.72µm
_006_,2.64µm
_126_,2.62µm
_318_,2.62µm
_361_,2.62µm
_450_,2.62µm
_162_,2.52µm
_238_,2.52µm
_264_,2.52µm
_191_,2.5µm
_269_,2.5µm
_300_,2.5µm
_363_,2.5µm
_364_,2.5µm
_385_,2.5µm
_421_,2.5µm
net24,2.5µm
_372_,2.38µm
_163_,2.3µm
_390_,2.3µm
net97,2.3µm
_070_,2.18µm
_340_,2.18µm
_356_,2.18µm
_377_,2.18µm
_304_,2.165µm
_005_,2.16µm
_179_,2.16µm
_195_,2.16µm
_200_,2.16µm
_224_,2.16µm
_309_,2.16µm
net81,2.16µm
_247_,2.07µm
_237_,2.065µm
_009_,2.06µm
_368_,2.06µm
_117_,2.04µm
_287_,2.04µm
_115_,1.84µm
_323_,1.84µm
_129_,1.72µm
_314_,1.72µm
_059_,1.7µm
_138_,1.7µm
_181_,1.7µm
_244_,1.7µm
_375_,1.7µm
net95,1.7µm
_240_,1.26µm
_299_,1.26µm
_371_,1.26µm
_134_,1.14µm
_047_,1.02µm
_146_,0.92µm
_348_,0.92µm
_384_,0.92µm
_277_,0.46µm
_290_,0.46µm
